GSSCode,diversity2011
E01000027,0.907
E01000028,1.132
E01000029,1.03
E01000030,1.031
E01000031,1.243
E01000032,1.079
E01000110,1.164
E01000111,1.091
E01000112,1.223
E01000113,1.243
E01000034,0.755
E01000037,0.629
E01000038,0.629
E01000039,0.719
E01000063,0.857
E01000100,0.95
E01000101,0.911
E01000109,1.079
E01000114,1.08
E01000033,0.779
E01000060,0.945
E01000061,0.968
E01000062,0.95
E01000064,0.893
E01000065,0.888
E01000078,0.965
E01000080,0.941
E01000081,0.942
E01000082,0.899
E01000083,0.985
E01000102,0.925
E01000021,1.178
E01000022,1.041
E01000023,1.171
E01000024,1.166
E01000025,0.941
E01000077,0.937
E01000015,0.974
E01000016,0.901
E01000017,0.917
E01000018,0.866
E01000079,0.929
E01000035,0.973
E01000036,1.062
E01000107,0.885
E01000108,0.975
E01000066,1.157
E01000067,1.154
E01000069,1.106
E01000070,1.152
E01000071,1.24
E01000057,0.998
E01000073,0.926
E01000074,0.889
E01000075,0.875
E01000076,1.008
E01000013,0.937
E01000014,0.824
E01000059,0.831
E01000084,0.908
E01000085,0.981
E01000086,0.97
E01000103,1.052
E01000104,0.98
E01000105,0.943
E01000106,0.999
E01000007,1.338
E01000008,1.341
E01000010,1.314
E01000012,1.339
E01000006,1.164
E01000009,1.142
E01000011,0.991
E01000044,1.282
E01000068,1.05
E01000041,0.959
E01000042,1.208
E01000045,1.106
E01000046,0.868
E01000072,0.992
E01000054,0.868
E01000055,0.926
E01000056,0.959
E01000058,1.093
E01000095,1.147
E01000040,1.156
E01000043,1.159
E01000050,1.308
E01000052,1.25
E01000092,1.302
E01000053,1.015
E01000087,0.938
E01000088,1.106
E01000089,1.041
E01000090,1.194
E01000048,1.257
E01000049,1.323
E01000051,1.332
E01033587,1.28
E01033588,1.33
E01000091,1.185
E01000093,1.168
E01000094,1.25
E01000096,1.164
E01000019,1.198
E01000020,1.016
E01000097,0.985
E01000098,1.096
E01000099,0.945
E01032580,1.207
E01000248,0.498
E01000249,0.553
E01000250,0.752
E01000254,0.481
E01000292,0.729
E01000293,0.757
E01000167,0.82
E01000246,0.689
E01000247,0.726
E01000251,0.906
E01000252,0.8
E01000166,0.9
E01000168,0.82
E01000169,0.659
E01000172,0.702
E01000285,0.899
E01000287,0.808
E01000288,0.905
E01000289,1.194
E01000291,1.167
E01000294,0.84
E01000267,0.801
E01000268,1.01
E01000269,0.764
E01000270,0.806
E01000170,0.862
E01000171,0.962
E01000173,0.806
E01000174,0.965
E01000175,0.775
E01000228,1.056
E01000253,0.759
E01000279,0.663
E01000280,0.757
E01000286,0.973
E01000290,0.752
E01000271,0.807
E01000272,0.728
E01000273,0.996
E01000281,1.028
E01000282,0.978
E01000115,0.916
E01000116,0.875
E01000119,1.062
E01000120,1.001
E01000122,1.044
E01000117,0.773
E01000118,0.939
E01000121,1.103
E01000123,0.985
E01000124,1.184
E01000265,1.019
E01000266,0.768
E01000274,1.014
E01000320,0.93
E01000322,0.977
E01000275,1.07
E01000277,1.23
E01000283,0.82
E01000284,1.017
E01000321,1.011
E01000195,1.249
E01000229,1.175
E01000230,0.928
E01000231,1.286
E01000232,1.106
E01000233,1.123
E01000186,0.826
E01000187,0.968
E01000188,0.868
E01000189,1.404
E01000190,0.962
E01000191,0.959
E01000158,1.07
E01000159,0.926
E01000160,1.119
E01000161,1.138
E01000162,1.096
E01000324,0.97
E01000256,1.02
E01000258,0.86
E01000263,0.753
E01000264,1.145
E01000255,1.097
E01000257,1.295
E01000261,0.732
E01000262,1.235
E01000192,1.081
E01000193,1.065
E01000194,1.259
E01000226,1.277
E01000227,1.077
E01000299,1.133
E01000300,1.021
E01000302,1.162
E01000317,1.136
E01000318,1.112
E01000323,1.168
E01000276,0.958
E01000278,0.964
E01000301,1.021
E01000303,1.091
E01000304,0.989
E01000130,1.284
E01000132,1.28
E01000133,1.219
E01000234,1.021
E01000235,1.213
E01000156,0.888
E01000157,0.895
E01000163,1.135
E01000164,1.183
E01000165,1.237
E01000315,1.183
E01000197,1.046
E01000295,1.067
E01000296,1.063
E01000298,1.042
E01000125,1.384
E01000127,1.28
E01000128,1.276
E01000129,1.296
E01000131,1.248
E01000134,1.263
E01000198,1.049
E01000199,0.914
E01000204,0.947
E01000259,1.138
E01000260,1.225
E01000126,1.405
E01000151,1.443
E01000152,1.425
E01000153,1.325
E01000154,1.38
E01000176,1.112
E01000178,0.789
E01000184,1.196
E01000297,1.118
E01000316,1.285
E01000319,0.936
E01000196,1.061
E01000200,0.973
E01000201,1.028
E01000202,0.942
E01000203,1.222
E01000177,0.775
E01000179,0.832
E01000180,0.97
E01000181,0.722
E01000182,0.72
E01000185,1.33
E01000147,1.133
E01000148,1.358
E01000155,1.25
E01033572,1.261
E01033573,1.401
E01000239,1.31
E01000240,1.298
E01000241,1.01
E01000309,1.198
E01000237,0.974
E01000242,0.989
E01000243,0.955
E01000244,1.172
E01000245,1.244
E01000314,1.156
E01000183,0.842
E01000206,0.83
E01000207,0.677
E01000208,0.795
E01000210,0.78
E01000213,0.546
E01000236,0.76
E01000238,1.062
E01000310,1.124
E01000311,0.743
E01000205,0.824
E01000209,0.474
E01000211,1.063
E01000212,0.704
E01000216,0.955
E01000217,0.745
E01000150,1.273
E01000305,1.326
E01000306,1.134
E01000308,1.318
E01000312,1.256
E01000313,1.281
E01000145,0.995
E01000215,0.897
E01000218,0.938
E01000219,0.969
E01000220,0.903
E01000225,0.77
E01000135,1.088
E01000136,0.874
E01000144,1.093
E01000146,1.155
E01000214,0.881
E01000141,1.296
E01000221,1.386
E01000223,1.296
E01000307,1.254
E01000138,1.203
E01000142,1.266
E01000222,1.367
E01000224,1.396
E01000137,1.271
E01000139,1.066
E01000140,1.085
E01000143,1.272
E01000587,1.001
E01000589,1.069
E01000590,1.116
E01000592,1.219
E01000593,1.286
E01000594,0.999
E01000513,1.224
E01000514,1.274
E01000516,1.24
E01000520,1.312
E01000588,1.37
E01000515,1.381
E01000517,1.021
E01000543,1.056
E01000591,1.082
E01033463,1.128
E01000536,1.039
E01000538,1.021
E01000539,1.019
E01000540,1.03
E01000541,0.992
E01000518,1.302
E01000519,1.38
E01000623,1.234
E01000624,1.293
E01000629,1.208
E01000480,1.299
E01000484,1.405
E01000485,1.297
E01000486,1.29
E01000487,1.304
E01000572,1.178
E01000573,1.22
E01000574,1.235
E01000575,1.233
E01000577,1.407
E01000562,1.105
E01000563,1.141
E01000566,1.194
E01000568,1.135
E01000569,1.152
E01000479,1.321
E01000481,1.392
E01000482,1.416
E01000483,1.469
E01000625,1.355
E01000498,1.328
E01000622,1.291
E01000626,1.402
E01033464,1.333
E01000497,1.342
E01000499,1.441
E01000501,1.443
E01000502,1.344
E01000503,1.312
E01000570,1.255
E01000571,1.316
E01000576,1.225
E01000578,1.319
E01000564,1.251
E01000565,1.24
E01000607,1.085
E01000608,1.215
E01000613,1.26
E01000506,1.367
E01000509,1.34
E01000510,1.407
E01000511,1.4
E01000627,1.421
E01000628,1.403
E01000553,1.302
E01000554,1.245
E01000555,1.229
E01000556,1.346
E01000557,1.276
E01000558,1.148
E01000567,1.2
E01000606,1.251
E01000609,1.248
E01000611,1.142
E01000615,1.359
E01000617,1.224
E01000618,1.281
E01000619,1.277
E01033424,1.407
E01033457,1.246
E01000504,1.216
E01000505,1.378
E01000507,1.366
E01000512,1.119
E01000559,1.182
E01000610,1.153
E01000612,1.092
E01000631,0.907
E01000633,0.683
E01000634,1.134
E01000616,1.23
E01000620,1.184
E01000621,1.299
E01000635,1.224
E01000636,1.092
E01000596,1.374
E01000601,1.383
E01000602,1.363
E01000603,1.395
E01000604,1.315
E01000605,1.316
E01000488,1.395
E01000637,1.27
E01000639,1.192
E01000642,1.203
E01000644,1.302
E01000490,1.109
E01000494,1.291
E01000495,1.185
E01000560,0.928
E01000561,1.258
E01000638,1.352
E01000640,1.392
E01000641,1.37
E01000643,1.422
E01000508,1.316
E01000521,1.432
E01000522,1.302
E01000526,1.32
E01000527,1.354
E01000528,1.236
E01000471,1.164
E01000474,0.877
E01000476,0.983
E01000477,1.232
E01000630,1.196
E01000595,1.381
E01000599,1.222
E01000600,1.338
E01033456,1.215
E01000545,1.147
E01000546,1.088
E01000547,1.137
E01000548,1.178
E01000549,1.067
E01000472,1.169
E01000473,0.696
E01000475,1.082
E01000478,0.961
E01000632,0.702
E01000489,1.336
E01000491,1.299
E01000492,1.163
E01000493,1.211
E01000581,1.052
E01000523,1.358
E01000524,1.371
E01000525,1.324
E01000533,1.312
E01000535,1.27
E01033455,1.41
E01033485,1.409
E01000579,1.189
E01000580,0.938
E01000582,0.914
E01000583,1.079
E01000586,1.32
E01000530,1.226
E01000531,1.289
E01000532,1.254
E01000534,1.298
E01000584,1.243
E01000585,1.215
E01000544,1.418
E01000550,1.331
E01000551,1.369
E01000552,1.339
E01000779,0.723
E01000780,0.796
E01000781,0.699
E01000782,0.764
E01000783,0.698
E01000785,0.559
E01000689,0.612
E01000690,0.534
E01000691,0.508
E01000692,0.36
E01000784,0.518
E01000799,1.018
E01000802,1.004
E01000803,0.969
E01000804,0.861
E01000805,0.899
E01000740,1.182
E01000741,1.045
E01000742,1.011
E01000745,1.068
E01000746,0.937
E01000709,0.598
E01000710,0.684
E01000711,0.651
E01000714,0.653
E01000718,0.972
E01000645,0.536
E01000649,0.682
E01000694,0.529
E01000695,0.311
E01000696,0.394
E01000697,0.425
E01000674,0.702
E01000676,0.818
E01000820,0.625
E01000822,0.738
E01000823,0.493
E01000824,0.638
E01000825,0.635
E01000743,1.061
E01000744,1.063
E01000796,1.179
E01000798,1.107
E01000800,1.085
E01000806,1.143
E01000693,0.637
E01000698,0.671
E01000736,0.443
E01000737,0.566
E01000672,0.682
E01000673,0.651
E01000716,0.545
E01000717,0.556
E01000828,0.647
E01000712,0.691
E01000713,0.664
E01000715,0.546
E01000770,0.454
E01000772,0.532
E01000700,0.666
E01000702,0.706
E01000703,0.569
E01000706,0.709
E01000797,0.626
E01000729,0.653
E01000730,0.603
E01000735,0.534
E01000738,0.588
E01000739,0.635
E01000699,1.009
E01000701,0.855
E01000704,0.837
E01000705,1.048
E01000801,0.956
E01000646,0.64
E01000647,0.529
E01000648,0.618
E01000653,0.559
E01000678,0.651
E01000670,0.818
E01000675,0.833
E01000677,0.692
E01000762,0.648
E01000829,0.704
E01000719,0.665
E01000720,0.716
E01000721,0.764
E01000724,0.752
E01000728,0.566
E01000651,0.46
E01000668,0.571
E01000669,0.438
E01000671,0.656
E01000679,0.561
E01000826,0.524
E01000827,0.695
E01000830,0.602
E01000831,0.563
E01000833,0.496
E01000650,0.669
E01000652,0.447
E01000807,0.434
E01000809,0.303
E01000722,0.5
E01000725,0.433
E01000731,0.613
E01000732,0.509
E01000733,0.475
E01000769,0.627
E01000773,0.529
E01000775,0.742
E01000777,0.621
E01000778,0.67
E01000808,0.428
E01000810,0.362
E01000811,0.381
E01000813,0.42
E01000815,0.373
E01000661,0.763
E01000662,0.657
E01000663,0.552
E01000664,0.555
E01000763,0.372
E01000764,0.463
E01000766,0.346
E01000767,0.351
E01000834,0.416
E01000727,0.421
E01000734,0.506
E01000790,0.705
E01000812,0.464
E01000814,0.439
E01000723,0.24
E01000726,0.436
E01000787,0.396
E01000788,0.68
E01000791,0.434
E01000832,0.58
E01000835,0.458
E01000836,0.477
E01000837,0.61
E01000838,0.436
E01000839,0.406
E01000840,0.327
E01000841,0.413
E01000753,0.317
E01000754,0.445
E01000755,0.386
E01000757,0.255
E01000758,0.415
E01000786,0.338
E01000789,0.719
E01000792,0.643
E01000793,0.336
E01000795,0.406
E01000665,0.509
E01000666,0.29
E01000667,0.459
E01000756,0.479
E01000759,0.277
E01000760,0.324
E01000761,0.339
E01000765,0.328
E01000768,0.332
E01000681,0.429
E01000682,0.357
E01000683,0.608
E01000684,0.623
E01000794,0.36
E01000749,0.212
E01000750,0.411
E01000751,0.639
E01000752,0.262
E01000680,0.248
E01000685,0.365
E01000686,0.361
E01000687,0.312
E01000688,0.379
E01000654,0.244
E01000655,0.234
E01000656,0.31
E01000657,0.265
E01000659,0.178
E01000816,0.885
E01000818,0.714
E01000819,0.866
E01032562,0.863
E01032563,0.706
E01000707,0.408
E01000708,0.568
E01000771,0.698
E01000774,0.678
E01032568,0.695
E01000658,0.111
E01000747,0.296
E01000748,0.222
E01032570,0.195
E01000466,1.133
E01000467,1.135
E01000468,1.07
E01000469,1.075
E01000416,1.153
E01000418,1.078
E01000422,1.172
E01000464,1.066
E01000465,0.99
E01000470,1.103
E01000333,0.609
E01000335,1.079
E01000336,1.154
E01000337,0.849
E01000338,0.843
E01000403,0.844
E01000404,0.993
E01000405,0.943
E01000408,1.129
E01000332,0.826
E01000402,0.765
E01000406,0.976
E01000407,0.72
E01000334,0.757
E01000417,0.8
E01000419,0.579
E01000420,0.55
E01000442,0.563
E01000437,0.519
E01000438,0.605
E01000439,0.617
E01000440,0.583
E01000441,0.603
E01000373,0.968
E01000429,0.869
E01000430,0.909
E01000431,0.873
E01000432,0.801
E01000433,0.798
E01000434,0.634
E01000356,0.574
E01000357,0.6
E01000359,0.587
E01000421,0.5
E01000450,0.672
E01000451,0.621
E01000452,0.7
E01000367,0.66
E01000368,0.623
E01000372,0.762
E01000380,0.395
E01000435,0.706
E01000353,0.43
E01000354,0.584
E01000355,0.43
E01000358,0.455
E01000436,0.49
E01000401,0.664
E01000453,0.588
E01000454,0.643
E01000455,0.683
E01000456,0.594
E01000325,0.314
E01000326,0.449
E01000369,0.477
E01000370,0.473
E01000371,0.391
E01000360,0.575
E01000362,0.485
E01000365,0.496
E01000366,0.603
E01000394,0.538
E01000388,0.641
E01000392,0.845
E01000409,0.382
E01000411,0.574
E01000414,0.882
E01000415,0.658
E01000327,0.399
E01000328,0.355
E01000329,0.435
E01000330,0.459
E01000331,0.578
E01000340,0.368
E01000395,0.513
E01000396,0.595
E01000410,0.49
E01000412,0.571
E01000413,0.534
E01000374,0.64
E01000375,0.49
E01000376,0.53
E01000377,0.343
E01000378,0.524
E01000379,0.467
E01000348,0.38
E01000349,0.457
E01000361,0.418
E01000363,0.592
E01000389,0.512
E01000390,0.668
E01000393,0.607
E01000346,0.38
E01000347,0.473
E01000350,0.379
E01000352,0.502
E01000391,0.48
E01000341,0.321
E01000342,0.315
E01000343,0.331
E01000345,0.383
E01000460,0.379
E01000364,0.566
E01000444,0.522
E01000447,0.398
E01000448,0.295
E01000449,0.344
E01000351,0.387
E01000443,0.324
E01000445,0.381
E01000446,0.296
E01000461,0.456
E01000339,0.358
E01000344,0.337
E01000423,0.385
E01000425,0.319
E01000463,0.411
E01000424,0.359
E01000426,0.384
E01000427,0.387
E01000457,0.522
E01000462,0.455
E01000382,0.435
E01000384,0.332
E01000387,0.428
E01000428,0.647
E01000458,0.399
E01000459,0.43
E01000381,0.379
E01000383,0.38
E01000385,0.584
E01000386,0.748
E01000398,0.593
E01000399,0.671
E01000400,0.705
E01032566,0.701
E01000907,0.928
E01000908,0.964
E01000909,0.653
E01000912,0.831
E01000913,0.498
E01000893,0.508
E01000894,0.622
E01000895,0.757
E01000896,0.615
E01000899,0.542
E01000910,0.637
E01000911,0.822
E01000921,0.85
E01000923,0.785
E01000928,0.904
E01000878,0.997
E01000879,0.744
E01000880,0.846
E01000884,0.749
E01000885,0.848
E01000871,1
E01000872,1.06
E01000873,0.735
E01000874,0.857
E01000877,0.787
E01000886,0.674
E01000887,0.832
E01000888,0.822
E01000892,0.894
E01000903,0.883
E01000889,1.178
E01000890,1.166
E01000891,1.215
E01000901,1.31
E01000922,0.944
E01000927,0.844
E01000881,1.009
E01000882,0.711
E01000883,1.003
E01000897,0.732
E01000898,1.197
E01000866,1.001
E01000870,0.874
E01000924,0.792
E01000925,1.185
E01000926,1.175
E01000969,0.869
E01000970,0.721
E01000971,0.712
E01000972,1.225
E01000973,1.114
E01000842,0.723
E01000844,0.827
E01000848,0.776
E01000849,0.837
E01000900,0.949
E01000902,1.302
E01000904,1.07
E01000905,1.248
E01000906,0.829
E01000875,1.052
E01000876,1.225
E01000931,1.221
E01000932,1.005
E01000974,1.176
E01000843,0.964
E01000845,0.788
E01000846,1.187
E01000847,1.169
E01000864,0.924
E01000865,0.829
E01000867,1.14
E01000868,1.274
E01000869,0.945
E01000962,0.847
E01000964,0.88
E01000965,0.958
E01000966,0.614
E01000968,0.881
E01000960,1.091
E01000961,1.234
E01000963,1.193
E01000967,0.848
E01000857,0.723
E01000858,1.221
E01000859,0.552
E01000860,0.684
E01000862,0.712
E01000856,1.188
E01000861,0.982
E01000957,1.147
E01000958,1.279
E01000959,1.183
E01000929,1.305
E01000930,1.229
E01000933,0.945
E01000934,1.273
E01000935,1.276
E01000863,0.836
E01000946,1.08
E01000947,1.094
E01000948,0.917
E01000952,1.252
E01000953,1.235
E01000954,1.341
E01000955,1.287
E01000956,1.297
E01000944,1.293
E01000945,1.23
E01000949,1.126
E01000950,1.273
E01000951,1.27
E01000936,1.273
E01000938,1.32
E01000939,1.258
E01000940,1.219
E01000853,1.133
E01000937,1.163
E01000941,1.259
E01000942,1.043
E01000943,1.058
E01000850,1.04
E01000851,1.051
E01000852,1.044
E01000854,1.326
E01000915,1.187
E01000916,1.106
E01000917,1.233
E01000920,0.99
E01000855,0.91
E01000914,0.982
E01000918,1.093
E01000919,1.165
E01000001,0.601
E01000002,0.457
E01000003,0.764
E01000005,1.242
E01032739,0.727
E01032740,0.64
E01001137,1.085
E01001138,1.029
E01001156,1.17
E01001162,1.213
E01001164,1.052
E01001084,1.21
E01001157,1.294
E01001159,1.248
E01001160,1.335
E01001163,1.214
E01001083,1.272
E01001086,1.376
E01001087,1.336
E01001161,1.359
E01001085,1.366
E01001088,1.362
E01001089,1.357
E01001090,1.35
E01001091,1.301
E01001147,1.316
E01001148,1.229
E01001151,1.316
E01001152,1.314
E01001158,1.157
E01001146,1.198
E01001149,1.209
E01001150,1.255
E01001153,1.323
E01001154,1.303
E01001136,1.299
E01001139,1.24
E01001140,1.165
E01001142,1.11
E01001144,1.26
E01001141,1.214
E01001143,1.204
E01001145,1.295
E01001191,1.303
E01001192,1.157
E01000994,1.333
E01000995,1.322
E01000996,1.289
E01000997,1.388
E01000999,1.269
E01001002,1.28
E01000998,1.375
E01001000,1.329
E01001003,1.335
E01001111,1.313
E01001155,1.323
E01001174,1.303
E01001175,1.33
E01001176,1.301
E01001182,1.294
E01001183,1.316
E01001184,1.304
E01001001,1.286
E01001109,1.287
E01001112,1.262
E01001113,1.296
E01001114,1.309
E01001116,1.349
E01000992,1.214
E01001185,1.146
E01001186,1.237
E01001188,1.235
E01001193,1.317
E01001004,1.361
E01001115,1.402
E01001117,1.36
E01001178,1.382
E01001181,1.406
E01001006,1.347
E01001007,1.218
E01001177,1.337
E01001179,1.281
E01001180,1.347
E01000980,1.179
E01000981,1.129
E01000982,1.126
E01000983,1.096
E01001187,1.265
E01000989,0.965
E01000991,0.863
E01001131,0.758
E01001132,0.801
E01001134,0.889
E01001005,1.228
E01001008,1.372
E01001009,1.3
E01001010,1.254
E01001011,1.378
E01001012,1.377
E01001013,1.428
E01001048,1.384
E01001110,1.347
E01001118,1.365
E01000985,0.955
E01000986,1.098
E01000987,0.978
E01000993,1.024
E01000975,1.195
E01000976,1.26
E01000977,1.232
E01000978,1.162
E01000979,1.148
E01000984,1.287
E01001044,1.101
E01001046,1.063
E01001049,1.13
E01001050,1.15
E01001014,1.366
E01001042,1.236
E01001165,1.191
E01001166,1.218
E01001168,1.179
E01001127,0.816
E01001128,1.151
E01001130,1.258
E01001135,0.918
E01001062,0.946
E01001063,0.869
E01001064,0.849
E01001129,0.748
E01001133,0.83
E01001035,1.101
E01001043,1.284
E01001045,1.116
E01001047,1.073
E01001170,1.181
E01001167,1.274
E01001169,1.197
E01001171,1.216
E01001172,1.211
E01001173,1.231
E01001036,0.951
E01001037,1.086
E01001038,1.061
E01001039,0.794
E01001040,0.962
E01001051,0.986
E01001052,0.983
E01001054,0.896
E01001056,1.051
E01001057,1.156
E01001033,1.064
E01001034,0.94
E01001041,1.113
E01001095,1.042
E01001100,0.829
E01001053,0.78
E01001055,0.792
E01001077,0.638
E01001078,0.819
E01001082,0.744
E01001120,0.778
E01001122,0.904
E01001123,0.742
E01001124,0.584
E01001125,0.858
E01001058,0.696
E01001059,0.684
E01001060,0.719
E01001061,0.846
E01001065,0.621
E01001066,1.103
E01001119,0.449
E01001126,0.604
E01001032,0.673
E01001101,0.645
E01001102,0.716
E01001107,0.859
E01001108,0.723
E01001076,0.889
E01001079,0.733
E01001080,0.906
E01001081,0.784
E01001073,0.854
E01001092,0.995
E01001093,1.205
E01001096,0.932
E01001097,1.043
E01001098,0.807
E01001028,1.011
E01001029,0.944
E01001030,1.022
E01001031,0.818
E01001094,0.915
E01001103,0.668
E01001105,0.616
E01001106,0.711
E01001121,0.605
E01001069,0.791
E01001070,0.945
E01001075,0.689
E01001099,0.939
E01001015,0.733
E01001016,0.795
E01001023,0.984
E01001067,0.902
E01001074,1.004
E01001068,0.799
E01001071,0.651
E01001072,0.59
E01001104,0.746
E01001017,0.496
E01001024,0.732
E01001025,0.62
E01001026,0.515
E01001027,0.751
E01001018,0.376
E01001019,0.57
E01001020,0.649
E01001021,0.723
E01001022,0.528
E01000990,1.172
E01001189,1.246
E01001190,1.224
E01001194,1.145
E01032569,1.182
E01001269,1.233
E01001271,1.195
E01001309,1.222
E01001310,1.284
E01001311,1.242
E01001307,1.202
E01001308,1.21
E01001312,1.165
E01001313,1.182
E01001314,1.224
E01001315,1.281
E01001316,1.334
E01001317,1.286
E01001318,1.303
E01001320,1.331
E01001321,1.257
E01001270,1.217
E01001319,1.217
E01001322,1.149
E01001323,1.224
E01001341,1.271
E01001342,1.236
E01001343,1.253
E01001345,1.196
E01001265,1.228
E01001266,1.255
E01001267,1.296
E01001272,1.249
E01001349,1.354
E01001344,1.291
E01001346,1.224
E01001347,1.22
E01001348,1.223
E01001257,1.383
E01001324,1.333
E01001326,1.314
E01001330,1.309
E01001332,1.379
E01001325,1.243
E01001327,1.331
E01001328,1.378
E01001329,1.315
E01001331,1.418
E01001258,1.258
E01001262,1.317
E01001263,1.351
E01001264,1.29
E01032743,1.469
E01032744,1.292
E01001276,1.258
E01001277,1.246
E01001278,1.272
E01001280,1.167
E01001218,1.345
E01001260,1.238
E01001261,1.297
E01001268,1.169
E01001209,0.766
E01001211,0.914
E01001279,0.933
E01001281,0.777
E01001217,1.175
E01001259,1.209
E01001291,1.25
E01001292,1.295
E01001293,1.084
E01001196,1.356
E01001238,1.405
E01001239,1.386
E01001246,1.296
E01001247,1.285
E01001210,1.387
E01001282,1.213
E01001283,1.255
E01001285,1.17
E01001286,1.136
E01001287,1.366
E01001294,0.909
E01001295,0.892
E01001296,1.049
E01001297,0.828
E01001298,1.023
E01001204,1.055
E01001205,1.291
E01001206,1.419
E01001207,0.958
E01001208,0.845
E01001212,0.947
E01001222,1.151
E01001224,0.698
E01001226,1.048
E01001227,0.939
E01001228,0.982
E01001221,0.958
E01001223,0.84
E01001225,1.024
E01001235,0.972
E01001236,1.017
E01001273,1.168
E01001274,1.25
E01001275,1.084
E01001195,1.303
E01001197,1.177
E01001198,0.981
E01001199,1.183
E01001284,1.008
E01001288,1.036
E01001289,1.02
E01001290,0.967
E01001213,0.868
E01001214,0.806
E01001215,0.923
E01001216,0.957
E01001361,0.832
E01001240,1.373
E01001241,1.318
E01001242,1.296
E01001243,1.386
E01001244,1.386
E01001245,1.08
E01001200,1.059
E01001201,0.925
E01001202,1.306
E01001203,1.15
E01001351,1.173
E01001359,0.708
E01001360,0.563
E01001362,0.69
E01001363,0.746
E01001364,0.948
E01001365,0.642
E01001231,1.071
E01001234,1.102
E01001350,1.031
E01001352,1.015
E01001354,0.973
E01001249,1.341
E01001250,1.167
E01001255,0.973
E01001383,0.998
E01001388,1.155
E01001389,1.004
E01001219,1.356
E01001220,1.369
E01001334,1.196
E01001337,1.353
E01001338,1.033
E01001339,1.324
E01001340,1.392
E01001251,0.949
E01001252,1.099
E01001253,0.95
E01001254,0.799
E01001229,1.101
E01001230,0.9
E01001232,1.083
E01001233,0.997
E01001237,0.747
E01001386,0.674
E01001303,0.742
E01001382,0.806
E01001384,0.929
E01001385,0.786
E01001387,0.848
E01001353,1.138
E01001355,1.07
E01001356,1.425
E01001357,1.349
E01001358,1.44
E01001375,0.513
E01001377,0.641
E01001379,0.529
E01001381,0.989
E01001248,1.098
E01001299,0.85
E01001305,0.812
E01001306,0.719
E01001366,0.908
E01001367,0.942
E01001368,0.901
E01001370,0.875
E01001371,1.035
E01001372,0.967
E01001373,0.919
E01001333,1.008
E01001335,1.018
E01001336,1.152
E01001369,0.964
E01001300,0.788
E01001301,0.904
E01001302,0.853
E01001304,0.826
E01001374,0.856
E01001376,1.062
E01001380,0.725
E01032572,0.793
E01001444,1.082
E01001446,1.065
E01001546,1.05
E01001552,0.997
E01001442,1.138
E01001545,1.137
E01001547,1.144
E01001548,1.136
E01001551,1.034
E01001445,1.243
E01001447,1.121
E01001448,1.241
E01001449,1.14
E01033148,1.266
E01033150,1.357
E01001408,0.623
E01001411,0.687
E01001412,0.72
E01001413,0.4
E01001414,1.008
E01001407,0.793
E01001409,1.153
E01001410,1.101
E01001516,1.189
E01001537,0.774
E01001439,1.229
E01001441,1.135
E01001517,1.233
E01001549,1.258
E01001550,1.066
E01001433,1.069
E01001434,1.137
E01001435,1.194
E01001436,1.164
E01001438,1.187
E01001469,0.843
E01001536,0.566
E01001540,0.705
E01001541,0.639
E01001542,0.856
E01001538,0.637
E01001539,0.687
E01001543,0.778
E01001544,0.683
E01001457,0.682
E01001468,0.951
E01001471,0.748
E01001472,0.638
E01001474,0.664
E01001415,0.802
E01001417,0.807
E01001418,0.904
E01001422,0.843
E01001440,1.272
E01001504,1.278
E01001505,1.337
E01001507,1.301
E01001508,1.36
E01001513,1.059
E01001416,0.885
E01001470,0.621
E01001473,0.884
E01001475,0.82
E01001437,1.272
E01001506,1.358
E01001509,1.388
E01001510,1.381
E01001405,0.753
E01001406,1.005
E01001450,0.88
E01001512,0.899
E01001515,1.276
E01001401,0.952
E01001478,1.179
E01001484,1.164
E01001511,1.047
E01001514,1.022
E01001518,0.992
E01001451,0.629
E01001452,0.8
E01001453,0.752
E01001454,0.742
E01001476,1.273
E01001477,1.303
E01001481,1.262
E01001502,1.333
E01001503,1.272
E01001520,1.037
E01001522,1.072
E01001523,0.862
E01001524,1.178
E01001526,0.838
E01001419,0.915
E01001420,0.954
E01001421,1.029
E01001519,1.123
E01001525,0.954
E01001398,0.783
E01001399,0.909
E01001400,0.835
E01001402,0.879
E01001403,1.016
E01001455,0.807
E01001456,0.634
E01001564,0.72
E01001567,0.66
E01001568,0.818
E01001569,0.848
E01001479,1.348
E01001482,1.365
E01001487,1.344
E01001489,1.311
E01001491,1.358
E01001459,1.339
E01001460,1.368
E01001462,1.418
E01001480,1.32
E01001488,1.313
E01001483,1.381
E01001485,1.357
E01001486,1.332
E01001492,1.362
E01033146,1.356
E01033151,1.323
E01001404,1.121
E01001493,1.05
E01001494,1.236
E01001496,1.142
E01001570,1.018
E01001423,1.378
E01001425,1.338
E01001428,1.388
E01001461,1.336
E01001464,1.223
E01001521,0.958
E01001531,0.791
E01001532,0.852
E01001533,0.834
E01001535,0.997
E01001495,0.835
E01001498,1.103
E01001563,0.958
E01001565,1.043
E01001566,0.786
E01001424,1.306
E01001426,1.328
E01001427,1.33
E01001429,1.322
E01001430,1.332
E01001463,1.3
E01001465,1.298
E01001466,1.341
E01001467,1.365
E01001497,1.12
E01001499,1.23
E01001392,1.055
E01001528,1.295
E01001529,1.183
E01001530,1.16
E01001534,1.089
E01001431,1.358
E01001432,1.357
E01001555,1.407
E01001557,1.319
E01001558,1.452
E01001559,1.296
E01001394,1.242
E01001395,1.304
E01001397,1.255
E01001500,1.114
E01001556,1.217
E01001560,1.359
E01001390,1.032
E01001391,1.102
E01001393,1.114
E01001396,1.067
E01001501,1.129
E01001527,0.999
E01001458,1.331
E01001553,1.357
E01001554,1.359
E01001562,1.393
E01032574,1.38
E01001690,1.003
E01001692,1.031
E01001693,1.08
E01001694,1.04
E01001687,1.219
E01001688,1.144
E01033739,1.177
E01033740,1.288
E01033741,1.242
E01033743,1.092
E01033745,1.118
E01001575,1.091
E01001576,1.035
E01001577,1.111
E01001578,1.138
E01001579,1.064
E01001709,1.189
E01001711,1.247
E01001712,1.218
E01033731,1.141
E01033734,1.092
E01033735,1.317
E01033736,0.983
E01033737,1.324
E01001705,1.222
E01001706,1.258
E01001708,0.9
E01001710,1.259
E01001713,1.224
E01001672,1.27
E01001673,1.293
E01001674,1.305
E01001675,1.239
E01001677,1.311
E01001631,1.296
E01001632,1.281
E01001635,1.23
E01001636,1.323
E01033742,1.274
E01033744,1.194
E01001571,1.217
E01001572,1.091
E01001573,1.21
E01001574,1.123
E01001629,1.216
E01001633,1.236
E01001634,1.153
E01001637,1.236
E01001695,1.29
E01001696,1.289
E01001697,1.299
E01001700,1.339
E01001703,1.194
E01001704,1.215
E01001588,1.021
E01001589,1.008
E01001591,1.159
E01001595,1.219
E01001590,1.084
E01001592,0.884
E01001593,0.615
E01001594,1.215
E01001698,1.231
E01001699,1.153
E01001701,1.039
E01001702,1.295
E01001581,0.746
E01001585,0.645
E01001586,0.76
E01001587,0.689
E01001678,1.01
E01001683,1.169
E01001684,1.052
E01001685,1.034
E01001646,1.11
E01001650,1.015
E01001651,1.106
E01001652,0.878
E01001679,0.966
E01001680,0.858
E01001681,0.988
E01001682,0.946
E01001686,1.088
E01001580,0.593
E01001582,0.812
E01001583,0.568
E01001584,0.491
E01001645,1.028
E01001647,1.073
E01001648,1.029
E01001649,0.819
E01001605,0.464
E01001606,0.455
E01001610,0.558
E01001611,0.516
E01001620,0.878
E01001621,0.662
E01001623,0.865
E01001624,0.519
E01001625,0.721
E01001604,0.539
E01001607,0.455
E01001608,0.303
E01001609,0.572
E01001613,0.641
E01001614,0.407
E01001615,0.787
E01001617,0.533
E01001653,0.692
E01001654,0.873
E01001655,0.694
E01001660,1.009
E01001661,0.818
E01001618,0.555
E01001619,0.637
E01033729,0.82
E01001597,0.885
E01001598,0.772
E01001602,0.674
E01001603,0.653
E01001596,0.652
E01001599,0.729
E01001600,0.679
E01001601,0.566
E01001669,1.118
E01001671,0.972
E01001676,1.244
E01032567,1.069
E01001656,0.648
E01001657,0.752
E01001658,0.876
E01001659,1.101
E01033726,1.121
E01001640,1.222
E01033727,1.265
E01033728,0.893
E01033730,0.998
E01001666,1.204
E01001667,1.134
E01001668,0.855
E01033732,1.218
E01033733,0.986
E01001662,0.664
E01001664,0.747
E01001665,0.859
E01033738,0.915
E01001638,1.203
E01001641,0.903
E01001642,0.53
E01001644,0.915
E01033746,0.664
E01001808,0.753
E01001809,1.035
E01001814,1.127
E01001823,1.151
E01001825,0.692
E01001714,1.299
E01001811,1.355
E01001813,1.4
E01033701,1.402
E01001799,0.879
E01001802,1.088
E01001804,0.959
E01001807,1.149
E01001812,1.012
E01001725,1.166
E01001726,1.371
E01001800,1.16
E01001824,1.215
E01001826,1.15
E01001723,1.171
E01001724,1.111
E01001727,1.138
E01001768,1.207
E01001769,1.257
E01001715,1.001
E01001716,1.216
E01001717,1.207
E01001718,0.884
E01001719,1.282
E01001720,0.881
E01001742,1.237
E01001801,0.961
E01001803,0.89
E01001806,1.085
E01001741,0.951
E01001805,1.012
E01001829,0.824
E01001831,1.122
E01001832,1.212
E01001764,1.316
E01001765,1.376
E01001767,1.27
E01001770,1.364
E01033703,1.26
E01033713,1.278
E01001792,1.31
E01001793,1.239
E01001794,1.207
E01001795,1.185
E01001796,1.311
E01001736,1.052
E01001737,1.013
E01001738,0.938
E01001739,0.858
E01001786,1.205
E01001787,1.287
E01001788,1.302
E01001790,1.261
E01001740,1.383
E01001747,1.158
E01001830,1.277
E01001833,1.241
E01001834,1.174
E01001835,1.102
E01001733,1.195
E01001785,1.24
E01001789,1.215
E01001791,1.376
E01001745,1.276
E01001746,1.382
E01001757,1.342
E01001758,1.379
E01001759,1.271
E01001761,1.236
E01001731,1.285
E01001734,1.19
E01001760,1.292
E01001762,1.1
E01001846,1.23
E01001847,1.269
E01001848,1.107
E01001849,1.304
E01001729,1.311
E01001730,1.401
E01001732,1.323
E01001735,1.147
E01001838,1.379
E01001850,1.294
E01001748,1.16
E01001749,0.954
E01001763,1.144
E01001816,1.066
E01001819,1.008
E01001744,1.134
E01001750,1.184
E01001751,0.661
E01001756,0.889
E01033698,1.344
E01033699,1.233
E01033700,1.174
E01033707,1.253
E01001836,1.078
E01001840,1.261
E01001841,0.876
E01001844,1.091
E01001845,1.225
E01001837,0.838
E01001839,1.168
E01001842,1.332
E01001843,1.205
E01033704,1.03
E01033712,1.139
E01001772,1.34
E01001774,1.203
E01001775,1.374
E01001815,1.28
E01001820,1.225
E01001821,1.283
E01001752,1.127
E01001753,1.339
E01001754,1.208
E01001755,1.315
E01001773,1.32
E01001776,1.298
E01001779,1.32
E01001781,1.253
E01001782,1.115
E01001783,1.355
E01001777,1.223
E01001780,1.29
E01001784,1.271
E01033706,0.98
E01033708,0.88
E01033709,1.222
E01033711,1.132
E01001798,1.437
E01001828,1.337
E01033702,1.357
E01033705,1.375
E01033710,1.278
E01001722,1.322
E01001728,1.204
E01001822,1.387
E01001827,1.245
E01001874,1.227
E01001875,1.298
E01001876,1.452
E01001877,1.36
E01001878,1.29
E01001955,1.315
E01001957,1.373
E01001958,1.392
E01001961,1.392
E01001954,1.155
E01001956,1.089
E01001959,1.35
E01001960,1.072
E01001943,1.185
E01001944,1.334
E01001945,1.032
E01001946,1.096
E01001862,1.224
E01001940,1.235
E01001941,1.099
E01001942,1.132
E01001858,1.119
E01001860,1.278
E01001861,1.221
E01001863,0.881
E01001864,0.996
E01001852,0.942
E01001853,0.801
E01001854,0.986
E01001857,1.276
E01001859,1.203
E01001865,0.973
E01001927,0.635
E01001930,0.99
E01001895,1.025
E01001896,1.144
E01001897,0.822
E01001929,0.601
E01001851,0.66
E01001855,0.798
E01001856,1.114
E01001869,0.693
E01001873,1.033
E01001928,0.981
E01001931,1.215
E01001932,0.981
E01001933,0.957
E01001866,1.093
E01001867,1.23
E01001868,1.28
E01001870,1.126
E01001871,1.167
E01001872,1.077
E01001893,1.202
E01001894,1.056
E01001898,1.064
E01001899,1.197
E01001900,1.121
E01001889,0.837
E01001910,1.002
E01001913,0.626
E01001914,1.069
E01001885,1.375
E01001908,0.987
E01001909,0.967
E01001911,1.317
E01001912,1.373
E01001886,1.055
E01001887,1.037
E01001890,1.177
E01001892,1.088
E01001880,0.904
E01001881,0.75
E01001882,0.827
E01001883,1.006
E01001884,1.087
E01001888,0.751
E01001891,0.936
E01001917,0.656
E01001918,0.747
E01001919,0.689
E01001879,0.945
E01001901,0.668
E01001902,0.775
E01001903,1.092
E01001920,0.954
E01001921,0.673
E01001922,0.667
E01001923,0.853
E01001924,0.567
E01001947,1.293
E01001948,0.789
E01001949,0.49
E01001950,0.56
E01001951,0.779
E01001953,0.987
E01001904,0.635
E01001905,0.619
E01001906,0.698
E01001907,0.619
E01001935,0.809
E01001939,1.067
E01032788,0.995
E01032789,1.277
E01032790,1.251
E01001915,0.553
E01001916,0.431
E01001926,0.525
E01001952,0.779
E01001925,0.65
E01001934,1.058
E01001937,0.682
E01001938,1.078
E01001969,1.127
E01001971,1.304
E01001974,1.095
E01001975,1.064
E01002036,1.276
E01002037,1.308
E01002039,1.26
E01002040,1.242
E01001962,0.965
E01001970,1.29
E01001972,1.147
E01001973,1.095
E01002090,1.295
E01002093,1.246
E01002096,1.295
E01002097,1.371
E01002091,1.283
E01002092,1.308
E01002094,1.337
E01002095,1.346
E01002098,1.032
E01002101,1.171
E01002102,1.192
E01002105,1.152
E01002099,1.308
E01002100,1.33
E01002103,1.254
E01002104,1.288
E01001963,0.705
E01001964,0.862
E01001965,0.689
E01001966,0.683
E01002027,1.197
E01002028,1.226
E01002032,1.264
E01002033,1.285
E01001976,1.274
E01001977,1.303
E01001978,1.334
E01001979,1.378
E01002074,1.295
E01002077,1.309
E01002079,1.324
E01002081,1.364
E01002082,1.258
E01002086,1.274
E01002088,1.167
E01002089,1.19
E01001967,0.685
E01001968,0.794
E01001996,0.63
E01001997,0.674
E01002075,1.32
E01002076,1.35
E01002078,1.3
E01002080,1.344
E01002026,1.32
E01002029,1.284
E01002030,1.237
E01002031,1.158
E01001991,0.72
E01001992,0.596
E01001993,0.493
E01001995,1.064
E01001980,1.319
E01001981,1.362
E01001982,1.229
E01001983,1.257
E01002083,1.172
E01002084,1.164
E01002085,1.253
E01002087,1.226
E01002014,0.95
E01002015,1.066
E01002018,0.93
E01033085,1.138
E01033086,1.284
E01002020,0.829
E01002022,0.6
E01002023,0.614
E01002025,0.645
E01002013,0.676
E01002019,0.553
E01002021,0.6
E01002024,0.738
E01001998,1.025
E01001999,1.098
E01002003,1.227
E01002004,1.116
E01002067,1.28
E01002069,1.283
E01002070,1.284
E01002073,1.295
E01002066,1.363
E01002068,1.217
E01002071,1.37
E01002072,1.305
E01002043,1.27
E01002045,1.325
E01002046,1.242
E01002049,1.332
E01002042,1.175
E01002044,1.112
E01002047,1.096
E01002048,1.24
E01002016,0.996
E01002017,1.008
E01002059,0.92
E01002060,0.718
E01002050,1.036
E01002051,1.269
E01002052,1.026
E01002055,0.967
E01001994,0.864
E01002008,0.694
E01002010,0.849
E01002011,0.847
E01002000,1.012
E01002001,1.033
E01002002,1.097
E01002058,1.169
E01002053,1.32
E01002054,1.284
E01002056,1.175
E01002057,1.165
E01001984,0.806
E01001985,0.532
E01001987,0.636
E01001989,0.763
E01001986,0.73
E01001988,0.706
E01001990,0.773
E01002062,0.916
E01002005,0.737
E01002006,0.734
E01002007,0.641
E01002009,0.603
E01002061,0.761
E01002063,0.958
E01002064,1.108
E01002065,0.888
E01002034,1.304
E01002038,1.276
E01002041,1.271
E01032575,1.287
E01002112,0.978
E01002114,1.088
E01002225,0.765
E01002226,1.083
E01002113,1.081
E01002115,1.108
E01002116,1.011
E01002117,1.216
E01002118,1.192
E01002227,1.266
E01002228,1.19
E01002229,1.101
E01002230,1.028
E01002144,1.098
E01002146,0.936
E01002147,0.881
E01002149,0.89
E01002140,1.17
E01002141,1.099
E01002142,1.171
E01002143,1.238
E01002145,1.124
E01002139,1.292
E01002148,1.094
E01002150,1.03
E01002151,1.268
E01002152,0.907
E01002119,1.248
E01002120,1.337
E01002121,1.168
E01002122,1.155
E01002123,1.146
E01002106,1.17
E01002108,1.026
E01002109,1.011
E01002110,0.974
E01002111,1.163
E01002185,1.23
E01002186,1.057
E01002187,1.016
E01002190,0.921
E01002124,1.041
E01002125,1.122
E01002198,0.947
E01002200,1.02
E01002203,1.071
E01002232,1.236
E01002233,1.337
E01002234,1.309
E01002235,1.303
E01002236,1.304
E01002107,1.105
E01002197,0.951
E01002199,0.984
E01002201,0.921
E01002202,1.183
E01002179,1.323
E01002180,1.318
E01002183,1.223
E01002184,1.24
E01002231,1.256
E01002154,1.159
E01002156,1.027
E01002162,1.257
E01002163,1.155
E01002188,0.673
E01002189,0.887
E01002192,0.881
E01002193,0.998
E01002165,0.972
E01002166,0.902
E01002167,1.049
E01002168,1.201
E01002169,1.028
E01002153,1.044
E01002155,0.945
E01002157,1.17
E01002158,1.032
E01002128,1.172
E01002130,1.234
E01002181,1.152
E01002182,1.213
E01002159,1.142
E01002160,1.25
E01002161,1.194
E01002164,1.173
E01002191,1.02
E01002194,0.86
E01002195,0.955
E01002196,0.881
E01002126,1.169
E01002127,1.108
E01002129,1.221
E01002131,1.246
E01002237,1.22
E01002238,1.138
E01002240,1.142
E01002242,1.099
E01002208,0.98
E01002209,1.049
E01002239,1.107
E01002241,1.242
E01002133,1.359
E01002136,1.243
E01002138,1.239
E01002213,1.224
E01002211,1.284
E01002212,1.199
E01002216,1.02
E01002217,1.339
E01002132,1.128
E01002134,1.118
E01002135,1.202
E01002137,0.748
E01002218,1.218
E01002219,1.058
E01002221,1.237
E01002222,1.232
E01002214,1.183
E01002215,1.232
E01002220,1.252
E01002223,1.188
E01002224,1.3
E01002204,1.041
E01002206,1.05
E01002207,1.064
E01002210,1.023
E01032576,1.075
E01002170,1.147
E01002171,0.997
E01002172,1.183
E01002173,1.024
E01002174,0.914
E01002175,0.902
E01002176,1.056
E01002177,1.036
E01002178,1.021
E01002276,0.483
E01002278,0.423
E01002312,0.394
E01002313,0.56
E01002277,0.333
E01002279,0.462
E01002281,0.464
E01002283,0.57
E01002299,0.507
E01002301,0.444
E01002303,0.601
E01002304,0.362
E01002306,0.657
E01002307,0.435
E01002280,0.66
E01002282,0.575
E01002284,0.628
E01002297,0.57
E01002314,0.611
E01002316,0.728
E01002302,0.393
E01002305,0.509
E01002308,0.521
E01002326,0.45
E01002331,0.505
E01002309,0.665
E01002310,0.552
E01002311,0.618
E01002315,0.706
E01002293,0.466
E01002294,0.347
E01002296,0.375
E01002298,0.415
E01002300,0.446
E01002333,0.311
E01002334,0.375
E01002336,0.33
E01002339,0.411
E01002341,0.347
E01002327,0.479
E01002328,0.565
E01002332,0.381
E01002335,0.289
E01002338,0.538
E01002340,0.501
E01002268,0.567
E01002269,0.453
E01002295,0.382
E01002377,0.57
E01002378,0.358
E01002383,0.504
E01002244,0.672
E01002245,0.529
E01002325,0.334
E01002329,0.552
E01002330,0.627
E01002337,0.419
E01002354,0.424
E01002376,0.395
E01002379,0.642
E01002380,0.48
E01002381,0.449
E01002243,0.809
E01002353,0.672
E01002356,0.855
E01032741,0.792
E01032742,0.515
E01002272,0.385
E01002274,0.402
E01002317,0.405
E01002318,0.331
E01002355,0.403
E01002382,0.446
E01002270,0.842
E01002271,0.838
E01002273,0.612
E01002275,0.676
E01002319,0.519
E01002350,0.719
E01002351,0.504
E01002352,0.608
E01002358,0.657
E01002246,0.772
E01002247,0.849
E01002248,0.749
E01002249,0.977
E01002250,0.824
E01002251,0.774
E01002252,0.216
E01002256,0.273
E01002258,0.252
E01002259,0.276
E01002391,0.207
E01002253,0.245
E01002254,0.322
E01002257,0.286
E01002384,0.297
E01002359,0.305
E01002360,0.235
E01002361,0.415
E01002363,0.33
E01002367,0.292
E01002320,0.37
E01002321,0.473
E01002322,0.46
E01002323,0.463
E01002324,0.379
E01002255,0.373
E01002289,0.333
E01002292,0.359
E01002362,0.342
E01002386,0.398
E01002287,0.411
E01002291,0.397
E01002364,0.218
E01002365,0.465
E01002366,0.488
E01002385,0.172
E01002387,0.228
E01002388,0.249
E01002389,0.116
E01002390,0.263
E01002265,0.415
E01002285,0.264
E01002286,0.265
E01002288,0.324
E01002290,0.342
E01002260,0.733
E01002261,0.681
E01002262,0.551
E01002263,0.478
E01002264,0.431
E01002266,0.444
E01002267,0.524
E01002372,0.459
E01002373,0.516
E01002374,0.608
E01002368,0.797
E01002369,0.706
E01002370,0.636
E01002371,0.549
E01002375,0.604
E01002343,0.434
E01002344,0.57
E01002348,0.358
E01002349,0.242
E01002342,0.81
E01002345,0.794
E01002346,0.686
E01002347,0.792
E01002473,0.901
E01002475,0.9
E01002476,0.966
E01002477,0.966
E01002482,0.943
E01002472,0.812
E01002474,0.807
E01002478,0.853
E01002483,0.993
E01002484,0.818
E01002485,0.948
E01002438,0.493
E01002439,0.572
E01002440,0.436
E01002441,0.611
E01002442,0.458
E01002433,0.788
E01002436,0.688
E01002479,0.886
E01002480,0.819
E01002481,0.923
E01002533,0.589
E01002534,0.594
E01002538,0.572
E01002539,0.507
E01002418,0.794
E01002419,0.718
E01002431,0.826
E01002432,0.735
E01002437,0.635
E01002430,0.511
E01002434,0.502
E01002435,0.683
E01002470,0.707
E01002535,0.768
E01002416,0.617
E01002417,0.696
E01002420,0.697
E01002421,0.733
E01002471,0.634
E01002465,0.689
E01002467,0.586
E01002494,0.883
E01002536,0.779
E01002537,0.775
E01002415,0.632
E01002466,0.494
E01002468,0.587
E01002469,0.57
E01002495,0.805
E01002458,0.64
E01002459,0.512
E01002460,0.639
E01002462,0.697
E01002464,0.654
E01002461,0.966
E01002463,0.807
E01002512,0.838
E01002513,0.839
E01002516,1.071
E01002450,0.908
E01002451,0.931
E01002452,0.965
E01002453,0.951
E01002454,0.959
E01002414,1.199
E01002514,0.942
E01002515,0.901
E01033725,0.949
E01002520,0.998
E01002521,1.032
E01002523,1.094
E01033724,1.205
E01002410,1.007
E01002412,1.18
E01002456,0.955
E01002509,0.853
E01002511,0.94
E01002422,1.13
E01002423,1.03
E01002424,1.188
E01002425,1.207
E01002427,1.077
E01002428,1.06
E01002408,1.067
E01002409,1.103
E01002429,1.095
E01002455,1.131
E01002457,1.153
E01002392,1.233
E01002393,1.293
E01002540,1.286
E01002542,1.357
E01002543,1.292
E01002394,1.207
E01002395,1.239
E01002397,1.17
E01002398,1.097
E01002399,1.126
E01002426,1.199
E01002411,0.853
E01002413,0.87
E01002518,0.907
E01002519,0.818
E01002550,0.996
E01002554,1.169
E01002541,1.202
E01002544,1.284
E01002545,1.374
E01002546,1.112
E01002547,1.198
E01002400,1.192
E01002401,1.276
E01002402,1.269
E01002403,1.293
E01002404,1.266
E01002548,0.875
E01002549,1.006
E01002551,1.025
E01002552,0.95
E01002553,0.964
E01002396,1.193
E01002501,1.24
E01002502,1.227
E01002505,1.306
E01002508,1.298
E01002405,1.206
E01002406,1.279
E01002503,1.204
E01002504,1.196
E01002506,1.24
E01002507,1.16
E01002486,1.287
E01002487,1.275
E01002526,1.079
E01002528,1
E01002532,1.104
E01002445,1.179
E01002525,0.79
E01002529,1.223
E01002530,0.964
E01002531,0.81
E01002407,1.254
E01002488,1.146
E01002489,1.085
E01002490,1.204
E01002492,1.144
E01002444,1.205
E01002446,0.998
E01002447,1.199
E01002527,0.883
E01002443,1.142
E01002448,1.174
E01002449,1.21
E01002491,1.266
E01002493,1.341
E01002496,0.899
E01002497,0.982
E01002498,0.81
E01002499,0.924
E01032577,0.824
E01002569,0.618
E01002570,0.706
E01002573,0.59
E01002574,0.695
E01002575,0.701
E01002562,1.042
E01002564,1.099
E01002566,1.297
E01002568,1.192
E01033081,1.031
E01033082,0.899
E01002620,1.216
E01002625,0.931
E01002626,1.095
E01002627,1.334
E01002631,1.077
E01002633,1.242
E01002634,1.261
E01002637,1.144
E01002638,1.148
E01002563,0.995
E01002565,0.904
E01002567,0.752
E01002684,1.026
E01002686,1.019
E01002571,0.641
E01002572,1.044
E01002577,0.781
E01002578,0.716
E01002689,0.872
E01002690,0.642
E01002576,0.906
E01002579,0.637
E01002580,0.809
E01002581,0.715
E01002582,0.533
E01002675,1.168
E01002678,1.106
E01002679,1.108
E01002680,1.15
E01002619,0.957
E01002622,0.94
E01002632,1.013
E01002635,0.89
E01002636,0.945
E01002618,0.878
E01002621,1.053
E01002623,1.062
E01002628,1.034
E01002629,1.164
E01002630,1.091
E01002639,0.912
E01002640,0.856
E01002674,1.084
E01002676,0.976
E01002583,1.02
E01002584,0.911
E01002585,1.112
E01002586,0.894
E01002589,1.216
E01002668,0.973
E01002669,1.017
E01002681,1.215
E01002682,1.077
E01002683,1.016
E01002642,1.016
E01002643,1.163
E01002645,1.176
E01002658,0.847
E01002677,1.07
E01002587,1.005
E01002588,1.289
E01002660,0.976
E01002661,0.793
E01002665,1.034
E01002624,1.003
E01002646,1.146
E01002662,0.877
E01002663,1.1
E01002664,1.105
E01002641,1.037
E01002648,1.072
E01002649,1.14
E01002657,1.04
E01033083,0.728
E01033084,1.151
E01002653,1.096
E01002654,1.101
E01002655,1.058
E01002656,0.911
E01002659,1.038
E01002667,0.942
E01002670,0.905
E01002671,0.685
E01002672,1.265
E01002673,1.382
E01002647,1.156
E01002650,1.138
E01002651,1.041
E01002652,0.972
E01002666,0.942
E01002555,1.049
E01002556,1.026
E01002590,0.981
E01002592,1.093
E01002595,1.038
E01002557,0.935
E01002558,1.009
E01002559,1.01
E01002560,0.88
E01002561,1.035
E01002591,0.887
E01002593,0.996
E01002594,1.126
E01002611,0.943
E01002612,1.028
E01002613,0.98
E01002598,1.001
E01002599,0.953
E01002600,0.849
E01002603,1.065
E01033000,1.189
E01033030,1.095
E01002604,1.113
E01002605,0.975
E01002606,1.02
E01002607,1.084
E01002615,1.111
E01002596,1.14
E01002601,0.932
E01002602,0.588
E01002614,0.924
E01002616,0.788
E01002608,1.012
E01002609,0.79
E01002610,0.997
E01002617,0.719
E01002687,0.692
E01002691,1.063
E01002692,0.98
E01002693,0.756
E01032573,0.758
E01002755,1.116
E01002756,0.94
E01002758,1.262
E01002804,1.202
E01002807,1.147
E01002811,1.157
E01002753,1.113
E01002754,0.776
E01002757,1.07
E01002759,0.849
E01002760,1.235
E01002772,1.032
E01002735,1.171
E01002805,0.983
E01002806,0.906
E01002808,0.967
E01002809,1.126
E01002810,1.141
E01002768,0.907
E01002770,0.993
E01002771,1.027
E01002773,1.189
E01002774,1.015
E01002732,1.29
E01002734,1.341
E01002736,1.297
E01002737,1.288
E01002751,1.301
E01002742,0.704
E01002747,0.872
E01002748,1.227
E01002749,1.115
E01033493,0.678
E01033494,0.829
E01002730,1.059
E01002731,1.105
E01002733,0.941
E01002763,1.019
E01002769,0.898
E01002785,0.854
E01002788,0.784
E01002789,0.62
E01002738,0.849
E01002741,1.064
E01002743,1.028
E01002744,0.804
E01002752,1.108
E01002764,1.019
E01002783,0.956
E01002784,1.087
E01002786,1.09
E01002787,1.132
E01002762,0.877
E01002767,1.089
E01033486,1.164
E01033487,1.171
E01033488,1.199
E01033491,1.055
E01033492,0.985
E01002777,0.833
E01002778,1.356
E01002779,0.912
E01002781,1.118
E01002782,1.278
E01002739,0.723
E01002740,0.665
E01002745,0.771
E01002795,1.088
E01002796,0.811
E01002716,1.14
E01002718,0.694
E01002721,0.792
E01002775,0.851
E01002776,1.029
E01002780,1.017
E01002708,1.066
E01002712,1.09
E01002713,0.98
E01002765,1.244
E01002766,1.22
E01002717,0.864
E01002719,0.702
E01002720,1.215
E01002790,0.989
E01002791,0.668
E01002793,0.939
E01002698,0.845
E01002699,0.644
E01002700,0.523
E01002714,0.681
E01002792,0.822
E01002722,0.916
E01002797,1.06
E01002798,0.709
E01002799,1.007
E01002800,1.161
E01002694,1.248
E01002697,1.321
E01002709,1.122
E01002710,1.181
E01002715,1.244
E01002696,0.668
E01002794,0.814
E01002801,0.715
E01002802,0.675
E01002803,0.902
E01002695,1.014
E01002711,1.127
E01002727,0.832
E01002728,1.181
E01002729,0.768
E01002707,0.976
E01002723,1.03
E01002724,0.835
E01002725,1.094
E01002726,0.971
E01033489,0.888
E01033490,1.118
E01002701,1.068
E01002702,1.186
E01002703,1.154
E01002704,1.087
E01002706,1.029
E01002852,1.429
E01002853,1.34
E01002854,1.352
E01002855,1.397
E01002857,1.447
E01002904,1.399
E01002905,1.256
E01002906,1.142
E01002907,1.338
E01002876,0.796
E01002877,1.349
E01002878,1.072
E01002908,0.951
E01002909,0.932
E01002829,1.113
E01002830,1.177
E01002831,1.146
E01002832,1.164
E01002856,1.097
E01002870,1.179
E01002872,1.077
E01002879,1.366
E01002880,1.461
E01002881,1.199
E01002882,0.722
E01002883,0.8
E01002884,0.931
E01002885,0.875
E01002886,0.731
E01002833,0.737
E01002871,0.655
E01002873,0.82
E01002874,0.91
E01002875,0.747
E01002824,0.755
E01002825,0.963
E01002826,0.776
E01002827,0.668
E01002828,0.729
E01002864,1.019
E01002866,1.09
E01002867,1.242
E01002868,0.772
E01002869,1.029
E01002887,0.876
E01002889,0.901
E01002890,0.746
E01002891,0.974
E01002892,1.014
E01002813,0.76
E01002815,1.057
E01002816,0.815
E01002817,0.857
E01002865,0.923
E01002818,0.957
E01002819,0.77
E01002859,0.67
E01002860,0.579
E01002863,0.733
E01002812,1.078
E01002834,0.911
E01002839,1.119
E01002850,1.163
E01002888,1.006
E01002821,0.838
E01002823,0.981
E01002858,1.217
E01002861,0.703
E01002862,1.1
E01002814,1.326
E01002847,0.94
E01002848,1.117
E01002851,1.264
E01002820,0.859
E01002822,0.612
E01002835,0.846
E01002836,0.79
E01002837,0.603
E01002846,1.094
E01002849,0.945
E01002893,0.835
E01002894,0.839
E01002898,0.708
E01002899,0.791
E01002900,0.581
E01002901,0.494
E01002902,0.738
E01002903,0.498
E01002844,0.704
E01002845,0.837
E01002910,0.725
E01002911,0.589
E01002914,0.565
E01002838,0.741
E01002895,0.469
E01002896,0.666
E01002897,0.769
E01002912,0.738
E01002840,1.132
E01002841,0.927
E01002842,1.409
E01002843,1.261
E01002913,0.968
E01003006,0.724
E01003007,0.677
E01003008,0.694
E01003009,0.699
E01003010,0.494
E01002952,0.948
E01002953,1.056
E01002955,1.114
E01002956,1.039
E01002959,0.994
E01002935,0.794
E01002938,0.624
E01002951,0.794
E01002954,1.071
E01002957,1.225
E01002933,0.698
E01002934,0.628
E01002937,0.618
E01003011,0.655
E01033568,1.132
E01033569,0.84
E01002964,0.844
E01002969,1.222
E01002971,0.732
E01002972,0.909
E01002974,0.937
E01002932,1.078
E01002960,1.014
E01002962,0.981
E01002970,0.912
E01002973,1.058
E01002929,0.759
E01002930,0.944
E01002931,0.923
E01002963,0.892
E01002985,0.998
E01002927,0.893
E01002928,0.88
E01002958,0.693
E01002961,0.913
E01002986,0.921
E01002965,0.872
E01002967,0.667
E01002968,0.966
E01002990,0.713
E01002991,0.672
E01002922,0.543
E01002926,0.631
E01002966,0.558
E01002992,0.841
E01002921,0.775
E01002987,0.822
E01002988,0.876
E01002989,0.603
E01002975,1.037
E01002977,0.931
E01002980,0.927
E01002981,0.989
E01002984,1.004
E01002923,0.85
E01002925,0.629
E01002993,0.67
E01002995,0.7
E01002999,0.801
E01002915,0.881
E01002916,0.841
E01002917,0.686
E01002920,0.673
E01002924,0.557
E01002976,0.679
E01002978,0.841
E01002979,0.723
E01002982,0.969
E01002983,0.879
E01002994,0.709
E01002996,0.579
E01002997,0.617
E01002998,0.779
E01003002,0.797
E01002918,0.904
E01002919,1.067
E01003000,0.874
E01003001,0.922
E01003003,0.862
E01002939,0.728
E01002941,0.486
E01002942,0.447
E01003004,0.829
E01003005,0.571
E01002944,0.694
E01002945,0.407
E01002946,0.435
E01002947,0.429
E01002940,0.619
E01002943,0.539
E01002948,0.701
E01002949,0.639
E01002950,0.502
E01003015,1.254
E01003108,1.195
E01003110,0.925
E01003111,1.238
E01003112,1.224
E01003101,1.132
E01003105,1.234
E01003106,1.026
E01003107,0.965
E01003109,1.231
E01003102,1.011
E01003104,1.082
E01003122,1.137
E01003129,1.071
E01033207,1.065
E01033208,1.233
E01003098,1.023
E01003099,1.15
E01003100,0.834
E01003180,1.178
E01003183,1.198
E01003097,1.174
E01003121,1.174
E01003123,0.83
E01003124,1.106
E01003125,1.285
E01003181,1.228
E01003184,1.195
E01003185,1.132
E01003186,1.049
E01003187,1.175
E01003089,1.277
E01003091,1.193
E01003092,1.189
E01003126,1.136
E01003128,1.156
E01003046,1.09
E01003048,1.123
E01003075,1.239
E01003182,1.185
E01003188,1.205
E01003088,1.141
E01003093,1.257
E01003094,1.057
E01003096,0.921
E01003127,1.033
E01003045,1.229
E01003047,1.234
E01003049,1.216
E01003059,1.242
E01003060,1.21
E01003061,1.246
E01003034,0.936
E01003035,0.872
E01003036,0.951
E01003090,0.984
E01003095,0.892
E01003037,1.119
E01003038,0.638
E01003039,0.726
E01003040,0.852
E01003042,0.9
E01003072,0.777
E01003073,1.138
E01003076,1.237
E01003077,1.188
E01003078,0.915
E01003019,0.955
E01003053,0.905
E01003054,0.739
E01003056,1.008
E01003058,0.974
E01003020,1.08
E01003050,1.069
E01003052,1.173
E01003055,1.053
E01003176,1.204
E01003029,0.831
E01003032,1.068
E01003041,1.158
E01003057,1.135
E01003043,1.053
E01003044,1.012
E01003051,1.237
E01003071,0.959
E01003074,1.04
E01003026,0.649
E01003027,0.496
E01003028,0.769
E01003030,0.653
E01003033,0.855
E01003018,0.91
E01003171,1.084
E01003173,1.093
E01003177,1.122
E01003178,0.959
E01003021,1.122
E01003022,1.044
E01003023,1.105
E01003024,1.23
E01003025,1.198
E01003136,1.076
E01003137,1.304
E01003159,1.188
E01003160,1.237
E01003162,1.23
E01003031,1.048
E01003156,0.861
E01003157,0.889
E01003158,0.519
E01003161,1.039
E01003163,1.096
E01003132,1.171
E01003172,1.191
E01003174,1.173
E01003175,1.195
E01003179,1.224
E01003164,1.17
E01003165,1.075
E01003168,1.064
E01003169,1.105
E01003170,0.794
E01003130,1.107
E01003131,0.907
E01003135,1.091
E01003138,0.698
E01003151,1.276
E01003079,1.221
E01003080,1.083
E01003133,1.021
E01003134,1.084
E01003152,1.161
E01003064,0.921
E01003066,1.147
E01003081,1.19
E01003166,1.135
E01003167,0.82
E01003116,1.096
E01003117,1.131
E01003118,1.031
E01003153,1.015
E01003155,1.138
E01003083,1.105
E01003084,1.074
E01003085,1.107
E01003149,1.144
E01003154,1.176
E01003065,1.174
E01003068,1.173
E01003082,1.183
E01003086,1.162
E01003087,1.219
E01003113,1.148
E01003114,1.111
E01003119,1.047
E01003120,1.119
E01003148,1.058
E01003150,1.164
E01003062,1.01
E01003063,1.176
E01003067,0.999
E01003069,1.059
E01003070,1.211
E01003115,1.151
E01003141,1.251
E01003144,1.089
E01003145,1.174
E01003147,1.242
E01003139,1.293
E01003140,1.313
E01003142,1.372
E01003143,1.281
E01003146,1.229
E01003013,1.118
E01003014,1.005
E01003016,1.238
E01003017,0.994
E01032582,1.177
E01003244,1.239
E01003245,1.323
E01003247,1.156
E01003249,1.262
E01003250,1.244
E01003246,1.293
E01003248,1.313
E01003251,1.345
E01003252,1.323
E01003253,1.242
E01003297,1.237
E01003299,1.253
E01003301,1.301
E01003302,1.268
E01003305,1.191
E01003207,1.246
E01003209,1.274
E01003210,1.039
E01003212,1.132
E01003215,1.25
E01003338,1.296
E01003339,1.239
E01003340,1.007
E01003341,0.993
E01003343,1.136
E01003199,0.824
E01003201,1.1
E01003204,1.033
E01003205,1.28
E01003206,0.928
E01003211,1.004
E01003213,1.021
E01003214,1.16
E01033324,1.128
E01033325,0.976
E01003198,0.801
E01003200,0.615
E01003202,0.606
E01003203,1.073
E01003336,1.202
E01003337,1.193
E01003342,1.215
E01003344,1.235
E01003345,1.233
E01003273,1.346
E01003277,1.047
E01003278,1.259
E01003279,1.048
E01003288,1.274
E01003290,1.232
E01003291,1.268
E01003296,1.269
E01033327,1.258
E01033341,1.397
E01003282,1.218
E01003283,0.689
E01003284,1.047
E01003286,1.082
E01003272,1.109
E01003274,1.186
E01003275,1.272
E01003276,1.231
E01003225,1.061
E01003231,1.21
E01003232,1.205
E01003233,1.147
E01003280,1.21
E01003281,1.005
E01003285,0.996
E01003287,0.826
E01003292,1.191
E01003293,1.217
E01003295,1.207
E01033320,1.241
E01033322,1.191
E01003319,1.372
E01003320,1.227
E01003323,1.252
E01003325,1.305
E01003226,1.03
E01003227,0.993
E01003228,0.907
E01003229,1.157
E01003230,1.146
E01003317,1.252
E01003318,1.267
E01003321,1.203
E01003322,1.264
E01003324,1.216
E01003254,0.858
E01003255,1.049
E01003260,1.148
E01003261,0.997
E01003262,1.07
E01003217,1.291
E01003218,1.214
E01003220,1.259
E01003222,1.186
E01003224,1.247
E01003263,1.124
E01003268,1.126
E01003269,1.1
E01003270,1.11
E01003271,0.994
E01003307,1.11
E01003308,1.18
E01003314,1.102
E01003315,1.132
E01003316,1.064
E01003216,1.284
E01003219,1.267
E01003221,1.277
E01003223,1.265
E01003346,1.155
E01003349,1.128
E01003351,1.091
E01003354,1.228
E01003309,1.161
E01003310,1.159
E01003311,1.094
E01003312,1.115
E01003313,1.208
E01003256,1.162
E01003257,1.031
E01003258,1.242
E01003259,1.005
E01003193,1.043
E01003194,1.211
E01003195,1.177
E01003196,1.21
E01003197,1.187
E01003347,1.299
E01003348,1.211
E01003350,1.269
E01003352,1.213
E01003353,1.22
E01003264,1.082
E01003265,1.121
E01003266,1.058
E01003267,1.036
E01003329,1.079
E01003330,1.14
E01003331,1.139
E01003332,1.133
E01003334,1.155
E01003189,1.171
E01003190,1.296
E01003191,1.148
E01003192,1.127
E01003326,1.079
E01003327,1.097
E01003328,1.086
E01003333,1.128
E01003335,1.178
E01003236,1.158
E01003237,1.1
E01003238,1.069
E01003239,1.185
E01032564,1.151
E01003235,1.077
E01003240,1.091
E01003241,1.222
E01003243,1.146
E01032565,1.162
E01003298,1.271
E01003300,1.25
E01003303,1.302
E01003304,1.337
E01032579,1.28
E01025885,0.084
E01025886,0.074
E01025887,0.039
E01025890,0.116
E01025891,0.038
E01025892,0.072
E01025901,0.07
E01025902,0.136
E01025903,0.131
E01025904,0.086
E01025906,0.077
E01025883,0.084
E01025884,0.091
E01025888,0.123
E01025909,0.073
E01025896,0.156
E01025897,0.168
E01025898,0.093
E01025899,0.225
E01025900,0.123
E01025905,0.154
E01025893,0.257
E01025894,0.275
E01025895,0.151
E01025907,0.165
E01025908,0.14
E01025889,0.102
E01025910,0.086
E01025911,0.054
E01025912,0.089
E01003543,1.366
E01003544,1.375
E01003546,1.305
E01003550,1.358
E01003576,1.254
E01003581,1.11
E01003582,1.271
E01003583,1.173
E01003578,1.208
E01003584,1.239
E01003586,1.08
E01003590,1.318
E01003579,0.962
E01003585,0.871
E01003587,1.186
E01003591,1.213
E01003528,1.175
E01003575,1.172
E01003577,1.374
E01003580,1.331
E01003545,1.323
E01003548,1.342
E01003549,1.341
E01003557,1.292
E01003547,1.295
E01003555,1.076
E01003561,0.818
E01003567,0.978
E01003556,1.275
E01003558,1.119
E01003570,1.026
E01003571,0.81
E01003572,0.964
E01003551,1.395
E01003553,1.366
E01003554,1.304
E01003559,1.327
E01003529,0.63
E01003530,0.709
E01003531,0.796
E01003532,0.722
E01003534,0.839
E01003533,0.882
E01003560,0.826
E01003563,0.942
E01003588,0.8
E01003589,1.02
E01003616,1.369
E01003617,1.327
E01003618,1.292
E01003619,1.342
E01003615,1.35
E01033578,1.349
E01033579,1.322
E01033583,1.34
E01033586,1.359
E01003562,0.77
E01003564,0.845
E01003565,0.745
E01003566,0.914
E01003625,1.12
E01003626,0.823
E01003627,0.863
E01003628,0.875
E01003629,0.836
E01003552,1.322
E01003596,1.253
E01003597,1.184
E01003635,1.292
E01003568,0.805
E01003569,0.768
E01003573,0.812
E01003574,1.006
E01003520,0.84
E01003521,0.877
E01003522,0.921
E01003525,0.982
E01003526,1.075
E01003488,1.357
E01003489,1.192
E01003490,1.082
E01003524,1.063
E01003631,1.423
E01003632,1.39
E01003633,1.371
E01003634,1.35
E01003636,1.389
E01003598,1.377
E01003600,1.338
E01003630,1.376
E01003637,1.288
E01003491,0.924
E01003592,1.283
E01003599,1.188
E01003606,1.311
E01003535,1.352
E01003536,1.348
E01003621,1.169
E01003622,1.157
E01003623,1.233
E01003523,1.189
E01003527,1.3
E01003537,1.276
E01003542,1.385
E01003624,1.313
E01003492,1.135
E01003493,1.18
E01003494,1.282
E01003495,1.287
E01003594,1.363
E01003595,1.359
E01003602,1.305
E01003607,1.373
E01003496,1.38
E01003498,1.314
E01003500,1.267
E01003593,1.36
E01003601,1.329
E01003603,1.325
E01003605,1.241
E01003608,1.366
E01003538,1.364
E01003539,1.375
E01003540,1.323
E01003541,1.358
E01003499,1.34
E01003501,1.327
E01003502,1.273
E01003503,1.294
E01003507,1.306
E01003508,1.315
E01003509,1.169
E01003604,1.356
E01003483,1.308
E01003484,1.284
E01003516,1.312
E01003518,1.263
E01003519,1.312
E01003480,1.259
E01003482,1.33
E01003486,1.321
E01003487,1.299
E01003497,1.227
E01003506,1.305
E01033574,1.313
E01033575,1.256
E01033576,1.336
E01033584,1.273
E01033585,1.304
E01003479,1.14
E01003481,1.193
E01003485,1.242
E01003513,1.262
E01003511,1.288
E01003512,1.228
E01003514,1.192
E01003515,1.282
E01003517,1.28
E01003609,1.299
E01003611,1.306
E01033577,1.277
E01033580,1.172
E01033581,1.229
E01033582,1.26
E01003744,0.672
E01003745,0.667
E01003746,0.608
E01003747,0.721
E01003748,0.719
E01003749,0.903
E01003750,0.737
E01003720,0.869
E01003722,0.931
E01003723,0.929
E01003726,1.058
E01003721,1.13
E01003724,0.986
E01003725,0.918
E01003727,0.776
E01003654,1.046
E01003655,0.764
E01003658,1.16
E01003660,0.666
E01003656,0.861
E01003657,0.815
E01003659,1.035
E01003698,0.856
E01003699,0.87
E01003700,1.052
E01003701,1.103
E01003702,0.895
E01003703,0.981
E01003704,1.029
E01003668,0.818
E01003669,0.736
E01003670,0.849
E01003671,0.784
E01003672,1.04
E01003673,0.85
E01003674,0.942
E01003707,1.176
E01003708,1.246
E01003709,1.124
E01003710,1.1
E01003759,0.884
E01003760,1.175
E01003761,1.347
E01003762,0.861
E01003763,1.209
E01003764,0.915
E01003765,0.88
E01003705,1.074
E01003706,1.113
E01003711,1.14
E01003712,1.214
E01003646,1.128
E01003648,0.972
E01003649,1.111
E01003651,1.047
E01003639,1.181
E01003640,1.2
E01003641,1.168
E01003642,1.198
E01003774,0.823
E01003775,1.043
E01003776,0.946
E01003777,0.799
E01003778,0.87
E01003779,0.768
E01003780,0.944
E01003647,0.978
E01003650,1.107
E01003652,1.118
E01003653,1.116
E01003638,1.078
E01003643,1.078
E01003644,1.045
E01003645,1.166
E01003789,0.856
E01003794,0.928
E01003795,0.91
E01003796,0.973
E01003661,1.198
E01003662,1.293
E01003663,1.148
E01003664,1.243
E01003665,1.264
E01003666,1.325
E01033590,1.333
E01033592,1.279
E01003751,1.088
E01003753,1.023
E01003754,1.065
E01003757,1.186
E01003769,1.138
E01003770,1.273
E01003771,1.123
E01003773,1.14
E01003752,1.05
E01003755,0.994
E01003756,1.081
E01003758,1.234
E01003766,1.034
E01003767,1.073
E01003768,1.163
E01003772,1.115
E01003781,1.109
E01003782,0.877
E01003786,1.122
E01003787,1.045
E01003790,0.995
E01003791,0.881
E01003792,0.837
E01003793,1.092
E01003783,1.13
E01003784,1.027
E01003785,1.155
E01003788,0.995
E01003683,1.017
E01003684,1.072
E01003685,0.938
E01003686,1.025
E01003688,0.922
E01003689,1.049
E01033589,1.006
E01033591,1.222
E01003737,1.055
E01003738,1.078
E01003739,1.144
E01003740,1.103
E01003741,1.084
E01003742,1.117
E01003743,1.012
E01003728,1.071
E01003729,0.924
E01003730,0.92
E01003732,1.364
E01003733,1.065
E01003731,1.159
E01003734,1.105
E01003735,1.327
E01003736,1.098
E01003713,1.112
E01003714,1.114
E01003715,1.105
E01003716,1.14
E01003718,1.157
E01003719,1.107
E01032581,1.268
E01003690,1.058
E01003691,1.1
E01003692,1.062
E01003693,1.072
E01003694,0.867
E01003695,1.127
E01003696,1.079
E01003697,0.999
E01003675,0.913
E01003676,0.903
E01003677,1.002
E01003678,1.058
E01003679,0.93
E01003680,1.01
E01003681,1.069
E01003682,0.967
E01003797,0.39
E01003798,0.468
E01003799,0.399
E01003800,0.639
E01003801,0.64
E01003802,0.721
E01003803,0.798
E01003846,0.477
E01003847,0.55
E01003849,0.457
E01003851,0.381
E01003860,0.518
E01003864,0.617
E01003852,0.53
E01003853,0.522
E01003854,0.491
E01003855,0.667
E01003856,0.516
E01003857,0.504
E01003858,0.28
E01003848,0.577
E01003861,0.621
E01003862,0.77
E01003863,0.624
E01003865,0.677
E01033570,1.025
E01033571,0.637
E01003804,0.546
E01003807,0.437
E01003808,0.415
E01003809,0.357
E01003859,0.527
E01003873,0.533
E01003874,0.487
E01003875,0.666
E01003878,0.608
E01003866,0.366
E01003868,0.376
E01003871,0.559
E01003872,0.454
E01003821,0.591
E01003876,0.49
E01003877,0.406
E01003879,0.599
E01003892,0.515
E01003893,0.375
E01003894,0.429
E01003895,0.397
E01003905,0.699
E01003906,0.653
E01003907,0.921
E01003908,0.825
E01003909,0.723
E01003867,0.747
E01003869,0.53
E01003870,0.49
E01003910,0.588
E01003805,0.393
E01003806,0.347
E01003816,0.509
E01003817,0.667
E01003840,1.08
E01003841,1.073
E01003842,0.63
E01003843,0.941
E01003844,0.65
E01003845,0.729
E01003882,0.457
E01003883,0.369
E01003896,0.431
E01003897,0.518
E01003898,0.377
E01003899,0.553
E01003900,0.708
E01003901,0.534
E01003902,0.746
E01003903,0.773
E01003904,0.61
E01003880,0.435
E01003881,0.457
E01003884,0.436
E01003885,0.437
E01003818,0.766
E01003819,0.653
E01003820,0.603
E01003811,0.294
E01003812,0.491
E01003890,0.402
E01003891,0.339
E01003810,0.381
E01003813,0.351
E01003814,0.436
E01003815,0.61
E01003828,0.417
E01003829,0.719
E01003830,0.629
E01003831,0.689
E01003832,0.684
E01003833,0.601
E01003886,0.443
E01003887,0.31
E01003888,0.58
E01003889,0.304
E01003834,0.549
E01003835,0.332
E01003836,0.501
E01003837,0.467
E01003838,0.503
E01003839,0.583
E01003822,0.476
E01003823,0.529
E01003824,0.421
E01003825,0.447
E01003826,0.531
E01003827,0.437
E01004029,1.114
E01004032,1.025
E01004053,0.905
E01004054,0.891
E01004055,0.878
E01003927,0.954
E01003929,0.986
E01003934,1.054
E01003935,1.183
E01003939,1.213
E01003976,1.156
E01004027,1.159
E01032637,0.782
E01032638,0.58
E01032640,0.773
E01032646,1.006
E01032803,1.025
E01032834,0.724
E01003975,1.214
E01003978,1.135
E01004022,1.08
E01004023,1.044
E01004028,1.112
E01003938,1.252
E01003940,1.309
E01003941,1.095
E01003942,1.367
E01003979,1.152
E01003981,1.21
E01004030,0.978
E01004031,1.216
E01004033,1.146
E01004034,1.079
E01004036,1.244
E01004056,0.962
E01004057,0.988
E01004058,0.824
E01004059,0.934
E01004060,1.192
E01003936,0.965
E01003937,1.223
E01003943,1.379
E01032720,1.404
E01003977,1.08
E01004037,1.175
E01004038,1.274
E01004042,0.937
E01004043,0.744
E01003986,1.187
E01003987,1.087
E01004024,1.063
E01004035,1.144
E01003960,1.156
E01003961,1.242
E01003994,1.249
E01032722,1.159
E01003980,1.128
E01004039,1.302
E01004040,1.214
E01004041,1.252
E01004044,1.212
E01003992,1.226
E01003995,1.113
E01003998,0.961
E01003999,1.209
E01032639,1.144
E01032719,1.324
E01003964,1.304
E01003966,1.323
E01003968,1.286
E01003971,1.237
E01003974,1.262
E01003963,1.31
E01003967,1.264
E01003970,1.211
E01003972,1.22
E01003973,1.192
E01003923,1.202
E01003969,1.223
E01003991,1.187
E01003993,1.234
E01003997,1.219
E01003983,1.189
E01003988,1.27
E01003989,1.203
E01003990,1.229
E01004007,1.177
E01003912,1.154
E01004011,1.138
E01004012,1.246
E01004013,1.272
E01004014,1.142
E01003911,1.292
E01003916,1.261
E01003917,1.184
E01003918,1.218
E01003925,1.219
E01003919,1.247
E01003920,1.197
E01003921,1.277
E01003922,1.2
E01003924,1.251
E01003926,1.226
E01004008,1.233
E01004010,1.324
E01004067,1.26
E01032805,1.272
E01003984,1.243
E01004003,1.227
E01004004,1.185
E01004005,1.219
E01004006,1.161
E01003913,1.051
E01003914,1.088
E01003915,1.207
E01004050,0.889
E01004052,0.995
E01004061,1.069
E01004062,1.218
E01004063,1.056
E01004065,0.976
E01004066,1.217
E01004000,1.198
E01004001,1.181
E01004019,1.161
E01004064,1.211
E01004068,1.172
E01004045,1.167
E01004047,1.343
E01004048,1.111
E01004049,1.313
E01004051,0.862
E01003953,0.987
E01003955,0.997
E01004015,0.903
E01004021,0.836
E01004046,1.046
E01004002,1.019
E01004016,1
E01004017,0.816
E01004020,1.16
E01003952,0.871
E01003954,0.921
E01003956,0.85
E01004071,0.926
E01004072,0.721
E01004069,0.724
E01004070,0.777
E01004073,0.705
E01004074,0.747
E01004075,0.569
E01003949,0.913
E01003950,1.135
E01003957,0.868
E01003958,0.882
E01004018,0.805
E01003945,0.98
E01003946,1.066
E01003947,1.195
E01003948,0.928
E01003951,0.91
E01003930,1.179
E01003932,1.255
E01003933,1.187
E01032583,1.049
E01032584,1.21
E01004125,0.768
E01004183,0.841
E01004184,0.844
E01004185,0.979
E01004189,0.87
E01004123,1.025
E01004124,0.812
E01004126,0.767
E01004128,0.887
E01004129,0.902
E01004130,0.762
E01004131,0.697
E01004134,0.817
E01004135,0.699
E01004136,0.804
E01004164,0.476
E01004166,0.629
E01004169,0.809
E01004186,0.887
E01004188,0.868
E01004127,0.769
E01004163,0.607
E01004165,0.68
E01004167,0.871
E01004187,0.658
E01004117,0.452
E01004121,0.715
E01004192,0.716
E01004193,0.753
E01004195,0.841
E01004144,0.815
E01004145,0.781
E01004146,0.767
E01004147,0.648
E01004116,0.526
E01004122,0.602
E01004190,0.608
E01004191,0.66
E01004194,0.569
E01004196,0.727
E01004115,0.69
E01004118,0.726
E01004119,0.491
E01004132,0.578
E01004133,0.621
E01004171,0.819
E01004172,0.857
E01004173,0.665
E01004175,0.605
E01004176,0.632
E01004076,0.926
E01004077,0.81
E01004078,0.678
E01004079,0.675
E01004080,0.863
E01004081,0.783
E01004082,0.874
E01004137,0.778
E01004140,1.05
E01004141,0.84
E01004142,0.886
E01004149,0.701
E01004101,0.519
E01004103,0.713
E01004138,0.732
E01004139,0.747
E01004168,0.537
E01004143,0.703
E01004148,0.871
E01004159,0.691
E01004160,0.775
E01004161,0.669
E01004097,0.584
E01004098,0.541
E01004099,0.531
E01004100,0.548
E01004102,0.448
E01004110,0.731
E01004111,0.653
E01004112,0.541
E01004120,0.472
E01004157,0.631
E01004087,0.826
E01004170,0.723
E01004174,0.715
E01004178,0.862
E01004179,0.724
E01004152,0.869
E01004155,0.793
E01004156,0.893
E01004158,0.793
E01004162,0.9
E01004083,0.925
E01004086,0.994
E01004088,0.814
E01004089,0.949
E01004182,0.764
E01004104,0.519
E01004107,0.704
E01004177,0.768
E01004180,0.637
E01004181,0.791
E01004090,0.959
E01004096,0.857
E01004150,0.876
E01004151,0.788
E01004153,1.003
E01004091,0.526
E01004092,0.793
E01004105,0.624
E01004106,0.546
E01004154,0.645
E01004084,0.832
E01004085,0.881
E01004108,0.714
E01004109,0.664
E01004093,0.793
E01004094,0.645
E01004095,0.706
E01004114,0.742
E01032623,0.84
E01004222,1.185
E01004223,1.118
E01004224,1.145
E01004226,1.162
E01004197,1.186
E01004198,1.132
E01004199,1.062
E01004201,1.108
E01004228,0.823
E01004230,1.094
E01004232,0.891
E01004233,1.142
E01004234,0.864
E01004225,0.835
E01004229,1.136
E01004231,1.195
E01032764,1.06
E01032765,1.165
E01032784,1.023
E01004200,1.011
E01004202,1.115
E01004203,1.056
E01004204,1.144
E01004311,1.074
E01004314,0.771
E01004315,1.084
E01004318,1.293
E01004259,1.059
E01004260,1.165
E01004263,1.123
E01004266,0.982
E01004235,1.144
E01004236,1.049
E01004237,1.289
E01004238,1.158
E01004239,1.185
E01004312,1.151
E01004313,1.148
E01004316,1.059
E01004317,1.028
E01004261,1.1
E01004262,1.061
E01004264,0.939
E01032785,1.14
E01032786,1.087
E01004207,1.136
E01004209,0.994
E01004212,1.118
E01032787,1.017
E01004240,1.165
E01004241,1.156
E01004242,1.17
E01004267,1.191
E01004268,1.189
E01004205,0.916
E01004206,1.084
E01004208,1.072
E01004211,1.068
E01004269,1.157
E01004270,1.079
E01004271,1.088
E01004272,0.979
E01004273,1.027
E01004306,1.044
E01004307,0.933
E01004308,0.978
E01004309,1.091
E01004310,0.992
E01004283,1.051
E01004287,1.132
E01004289,1.136
E01004290,1.089
E01004322,1.151
E01004323,1.002
E01004324,0.93
E01004326,1.147
E01004245,1.117
E01004246,1.126
E01004248,1.199
E01004249,1.241
E01004284,1.123
E01004285,0.935
E01004286,1.051
E01004288,1.035
E01004243,1.18
E01004244,1.179
E01004247,1.157
E01004250,1.176
E01004319,0.859
E01004321,0.946
E01004325,1.029
E01032766,1.172
E01032767,0.957
E01004298,1.084
E01004300,1.107
E01004304,1.012
E01004305,1.096
E01004251,1.11
E01004254,0.938
E01004255,1.116
E01004258,0.999
E01004252,1.174
E01004253,1.194
E01004256,1.065
E01004257,1.126
E01004301,0.919
E01004302,0.929
E01004303,1.151
E01032768,0.965
E01032769,0.999
E01004292,0.856
E01004294,1.025
E01004295,0.943
E01004296,1.055
E01004291,0.784
E01004293,0.763
E01004297,0.79
E01004215,1.18
E01004219,1.157
E01004221,1.034
E01032776,1.165
E01032777,1.265
E01032778,1.218
E01032779,1.228
E01032780,0.981
E01004214,1.184
E01004216,1.002
E01004217,0.934
E01004218,1.012
E01004274,1.125
E01004275,0.922
E01004276,0.862
E01004281,0.977
E01032775,0.987
E01032783,1.114
E01004280,1.191
E01032770,1.207
E01032772,1.072
E01032773,1.189
E01032774,1.239
E01004277,0.967
E01032771,1.187
E01032781,0.992
E01032782,1.266
E01004349,0.842
E01004350,0.692
E01004351,0.6
E01004356,0.899
E01004357,0.936
E01004352,0.456
E01004353,0.465
E01004354,0.59
E01004358,0.693
E01004359,0.702
E01004384,1.038
E01004385,0.958
E01004386,0.641
E01004389,0.771
E01004390,0.804
E01004355,0.898
E01004360,0.772
E01004413,0.93
E01004415,0.976
E01004416,0.9
E01004361,0.785
E01004414,0.867
E01004417,1.047
E01004451,0.98
E01004452,0.987
E01004450,0.938
E01004453,1.193
E01004454,1.125
E01004455,1.274
E01004456,1.219
E01004379,0.868
E01004380,0.836
E01004381,0.93
E01004383,0.899
E01004387,0.625
E01004388,0.768
E01004343,1.104
E01004344,1.379
E01004382,1.246
E01004418,1.11
E01004419,1.198
E01004398,1.302
E01004399,1.319
E01004400,1.278
E01004402,1.329
E01004403,1.248
E01004345,1.352
E01004348,1.291
E01004377,1.154
E01004378,1.196
E01004342,1.357
E01004346,1.169
E01004347,1.167
E01004460,1.303
E01004462,1.303
E01004396,1.2
E01004457,1.296
E01004458,1.272
E01004459,1.37
E01004463,1.05
E01004407,1.464
E01004410,1.227
E01004464,1.365
E01004469,1.385
E01004470,1.297
E01004471,1.306
E01004391,1.177
E01004393,1.332
E01004401,1.246
E01004404,1.342
E01004461,1.305
E01004412,1.102
E01004465,1.234
E01004466,1.071
E01004467,1.345
E01004468,1.145
E01004406,1.304
E01004408,1.179
E01004409,1.178
E01004411,1.278
E01004443,1.194
E01004447,1.244
E01004392,1.277
E01004394,1.304
E01004397,1.29
E01004444,1.352
E01004446,1.3
E01004395,1.195
E01004421,1.311
E01004445,1.262
E01004448,1.302
E01004449,1.404
E01004363,1.234
E01004364,1.324
E01004366,1.292
E01004367,1.253
E01004368,1.268
E01004365,1.242
E01004405,1.305
E01004420,1.308
E01004423,1.371
E01033153,1.391
E01004362,1.144
E01004436,1.24
E01004437,1.249
E01004439,1.28
E01004442,1.207
E01004422,1.331
E01004424,1.408
E01004425,1.352
E01004426,1.33
E01004427,1.385
E01004369,1.311
E01004370,1.287
E01004372,1.249
E01004432,1.338
E01004435,1.355
E01004333,1.385
E01004334,1.378
E01004438,1.223
E01004440,1.297
E01004441,1.132
E01004371,1.275
E01004373,1.328
E01004374,1.296
E01004375,1.279
E01004376,1.274
E01004336,1.311
E01004428,1.372
E01004429,1.322
E01004430,1.313
E01004434,1.4
E01004335,1.369
E01004337,1.335
E01004338,1.261
E01004339,1.353
E01004340,1.373
E01004341,1.369
E01004327,1.342
E01004328,1.301
E01004329,1.303
E01004330,1.241
E01004331,1.342
E01004332,1.356
E01004560,0.791
E01004566,0.582
E01004582,0.873
E01004583,0.828
E01004562,1.264
E01004563,1.253
E01004564,0.804
E01004567,1.301
E01033098,1.058
E01033100,1.161
E01033132,1.249
E01004539,1.284
E01004540,0.96
E01004577,0.718
E01004584,1.201
E01004579,0.779
E01004580,0.935
E01004581,0.834
E01033099,1.11
E01033101,0.906
E01033133,1.027
E01004565,0.755
E01004590,0.87
E01004591,0.948
E01004592,0.79
E01004604,0.312
E01004605,0.623
E01004606,0.382
E01004607,0.426
E01004608,0.643
E01004535,1.31
E01004537,1.239
E01004538,1.183
E01004541,1.232
E01004534,0.627
E01004536,1.135
E01004552,0.59
E01004585,0.675
E01004588,0.635
E01004554,0.538
E01004556,0.462
E01004586,0.596
E01004587,0.631
E01004589,0.482
E01004509,0.829
E01004511,0.56
E01004602,0.552
E01004609,0.601
E01033093,0.599
E01033135,0.461
E01004506,0.72
E01004638,0.484
E01004639,0.676
E01004640,0.582
E01004641,0.779
E01004508,0.724
E01004510,0.778
E01004514,0.599
E01004515,1.003
E01004551,0.957
E01004568,1.059
E01004574,1.281
E01004575,1.008
E01004576,0.984
E01004500,0.726
E01004501,0.826
E01004503,0.759
E01004505,0.802
E01004507,0.761
E01004553,0.597
E01004557,0.578
E01004558,0.555
E01004559,0.509
E01004619,0.46
E01004572,0.946
E01004642,0.819
E01004643,1.119
E01004644,0.767
E01004645,1.087
E01004477,0.361
E01004478,0.622
E01004479,0.501
E01004550,0.835
E01004555,0.497
E01004494,0.942
E01004513,1.074
E01004600,1.286
E01004601,0.955
E01004493,0.791
E01004512,0.653
E01004620,0.723
E01004621,0.654
E01004623,0.612
E01004627,0.582
E01004499,0.768
E01004502,0.643
E01004504,0.818
E01004594,0.651
E01004596,0.621
E01004629,0.843
E01004472,0.685
E01004474,0.877
E01004476,0.848
E01004542,0.59
E01004544,0.729
E01004628,0.989
E01004630,1.234
E01004631,1.009
E01004633,1.272
E01004569,1.028
E01004570,1.205
E01004571,1.083
E01004573,0.997
E01004495,1.255
E01004496,0.684
E01004497,0.745
E01004622,1.007
E01004624,0.658
E01004593,0.811
E01004595,0.695
E01004597,0.771
E01004598,0.625
E01004599,0.498
E01004473,0.759
E01004475,0.896
E01004480,0.812
E01004483,1.025
E01004484,0.87
E01004486,0.744
E01004543,0.558
E01004545,0.641
E01004546,0.715
E01004549,0.933
E01004625,0.326
E01004626,0.745
E01004632,0.774
E01004634,0.913
E01004635,0.929
E01004636,0.962
E01004637,0.956
E01004481,0.987
E01004488,0.861
E01004547,1.004
E01004548,0.877
E01004482,1.045
E01004485,0.889
E01004487,0.843
E01004489,0.841
E01004490,0.609
E01004491,1.223
E01004492,0.979
E01004498,0.591
E01004532,1.028
E01004611,1.175
E01004612,1.252
E01004618,1.064
E01004531,1.261
E01004533,1.201
E01004610,1.24
E01004613,1.298
E01004614,1.264
E01004615,1.262
E01004616,1.276
E01004617,1.276
E01004525,1.224
E01004526,1.198
E01004527,1.219
E01004528,1.324
E01004529,1.114
E01004530,1.123
E01004516,1.028
E01004518,1.072
E01004519,1.217
E01004520,1.215
E01004523,1.011
E01004517,1.194
E01004521,1.254
E01004522,1.216
E01004524,1.241
E01004647,1.046
E01004649,1.166
E01004724,1.067
E01004730,1.089
E01004646,1.016
E01004648,1.014
E01004650,0.947
E01004710,1.368
E01004711,1.25
E01004651,1.113
E01004725,1.376
E01004726,1.168
E01004728,1.184
E01004729,1.261
E01004718,1.343
E01004719,1.208
E01004720,1.274
E01004721,1.383
E01004722,1.54
E01004674,1.448
E01004675,1.373
E01004677,1.199
E01004678,1.33
E01004679,1.394
E01004723,1.351
E01004676,1.274
E01004706,0.892
E01004707,0.924
E01004708,1.134
E01004756,1.2
E01004701,1.015
E01004703,1.021
E01004705,0.851
E01004709,1.207
E01033600,0.855
E01033608,0.88
E01004659,1.094
E01004660,1.178
E01004712,0.966
E01004727,1.199
E01004670,1.52
E01004702,1.433
E01033598,1.483
E01033601,1.379
E01033602,1.447
E01033603,1.332
E01033604,1.421
E01033605,1.406
E01004754,1.406
E01004755,1.443
E01004757,1.409
E01032512,1.488
E01032513,1.414
E01004713,0.769
E01004714,1.003
E01004716,0.85
E01004717,0.721
E01004762,1.07
E01004657,0.87
E01004658,1.247
E01004661,1.232
E01004662,1.008
E01004663,1.036
E01004715,1.13
E01004763,0.966
E01004765,1.064
E01033595,0.96
E01033596,0.992
E01004653,0.795
E01004654,0.908
E01004656,1.143
E01004760,1.246
E01033606,1.083
E01033607,0.895
E01004680,0.966
E01004683,1.013
E01004684,1.375
E01004686,1.299
E01033593,1.431
E01033594,1.217
E01004681,1.103
E01004682,1.12
E01004694,1.044
E01004697,1
E01004700,1.005
E01004652,1.243
E01004693,0.913
E01004695,1.139
E01004696,1.327
E01004698,1.094
E01004699,1.014
E01004734,1.019
E01004735,0.899
E01004736,0.783
E01004761,1.06
E01004687,0.661
E01004688,1.068
E01004689,0.912
E01004690,0.725
E01004691,0.999
E01004692,1.183
E01004731,0.874
E01004732,1.128
E01004733,0.907
E01004744,0.945
E01004748,0.717
E01004740,1.067
E01004743,1.243
E01004745,0.863
E01004746,1.13
E01004747,0.974
E01004742,0.598
E01004749,0.89
E01004751,0.651
E01004752,0.89
E01004753,0.81
E01004666,1.113
E01004667,0.993
E01004668,1.01
E01004750,1.022
E01033597,1.103
E01033599,1.372
E01004665,1.325
E01004669,1.239
E01004737,0.886
E01004738,0.714
E01004739,0.562
E01004741,0.898
